-- --------------------------------------------------------
-- 호스트:                          i8a404.p.ssafy.io
-- 서버 버전:                        10.3.37-MariaDB-0ubuntu0.20.04.1 - Ubuntu 20.04
-- 서버 OS:                        debian-linux-gnu
-- HeidiSQL 버전:                  11.3.0.6295
-- --------------------------------------------------------

/*!40101 SET @OLD_CHARACTER_SET_CLIENT=@@CHARACTER_SET_CLIENT */;
/*!40101 SET NAMES utf8 */;
/*!50503 SET NAMES utf8mb4 */;
/*!40014 SET @OLD_FOREIGN_KEY_CHECKS=@@FOREIGN_KEY_CHECKS, FOREIGN_KEY_CHECKS=0 */;
/*!40101 SET @OLD_SQL_MODE=@@SQL_MODE, SQL_MODE='NO_AUTO_VALUE_ON_ZERO' */;
/*!40111 SET @OLD_SQL_NOTES=@@SQL_NOTES, SQL_NOTES=0 */;


-- behind 데이터베이스 구조 내보내기
CREATE DATABASE IF NOT EXISTS `behind` /*!40100 DEFAULT CHARACTER SET utf8mb4 COLLATE utf8mb4_general_ci */;
USE `behind`;

-- 테이블 behind.comment 구조 내보내기
CREATE TABLE IF NOT EXISTS `comment` (
  `comment_id` int(11) NOT NULL AUTO_INCREMENT,
  `content` varchar(255) NOT NULL,
  `created_time` datetime(6) DEFAULT NULL,
  `updated_time` datetime(6) DEFAULT NULL,
  `profile_user_id` int(11) DEFAULT NULL,
  `writer_user_id` int(11) DEFAULT NULL,
  PRIMARY KEY (`comment_id`),
  KEY `FKie2vm9yk1afd2tv375eh1i751` (`profile_user_id`),
  KEY `FKsdginasibfd2y91jpdk436lg1` (`writer_user_id`),
  CONSTRAINT `FKie2vm9yk1afd2tv375eh1i751` FOREIGN KEY (`profile_user_id`) REFERENCES `user` (`id`),
  CONSTRAINT `FKsdginasibfd2y91jpdk436lg1` FOREIGN KEY (`writer_user_id`) REFERENCES `user` (`id`)
) ENGINE=InnoDB AUTO_INCREMENT=43 DEFAULT CHARSET=utf8mb4 COLLATE=utf8mb4_general_ci;

-- 테이블 데이터 behind.comment:~37 rows (대략적) 내보내기
/*!40000 ALTER TABLE `comment` DISABLE KEYS */;
INSERT INTO `comment` (`comment_id`, `content`, `created_time`, `updated_time`, `profile_user_id`, `writer_user_id`) VALUES
	(1, '비전공 파이팅!', '2023-02-15 08:36:41.613000', NULL, 3, 4),
	(2, '인조인간', '2023-02-15 13:29:35.698000', NULL, 2, 2),
	(3, '안녕안녕', '2023-02-15 13:32:16.473000', NULL, 4, 2),
	(5, '하이용', '2023-02-15 23:56:11.049000', NULL, 7, 7),
	(6, '하이하이', '2023-02-16 00:04:34.501000', NULL, 7, 8),
	(7, '01088531387 전화주세요~!', '2023-02-16 00:36:35.610000', NULL, 4, 7),
	(8, '하이하이', '2023-02-16 01:08:14.553000', NULL, 15, 10),
	(9, '반갑습니다 😇', '2023-02-16 04:38:30.206000', NULL, 10, 17),
	(10, '사진이 예쁘네요 😇', '2023-02-16 04:39:03.781000', NULL, 13, 17),
	(11, '이분 별로네요', '2023-02-16 05:00:53.189000', NULL, 13, 19),
	(12, '존잘입니다 👍', '2023-02-16 05:27:33.909000', NULL, 20, 17),
	(13, '이분 이거 보다 실물이 나음 a502구경ㄱㄱ', '2023-02-16 05:27:36.049000', NULL, 20, 19),
	(14, '사진 멋있어요!!', '2023-02-16 05:27:54.369000', NULL, 19, 17),
	(15, '전공보다 전공자 같은 비전공!', '2023-02-16 05:46:49.947000', NULL, 21, 20),
	(17, '멋있어요', '2023-02-16 05:54:47.786000', NULL, 20, 18),
	(18, '디즈니 잘 어울리는 사람 처음이에요 ㅋㅋ', '2023-02-16 05:55:30.349000', NULL, 27, 18),
	(19, '지수하이', '2023-02-16 06:14:23.518000', NULL, 31, 30),
	(20, '미희하이', '2023-02-16 06:14:34.518000', NULL, 34, 30),
	(21, '안녕', '2023-02-16 06:14:40.912000', NULL, 28, 34),
	(22, '현민하이', '2023-02-16 06:15:02.018000', NULL, 29, 30),
	(23, '4반의자랑...💜', '2023-02-16 06:15:05.080000', NULL, 22, 35),
	(24, '한빈하이', '2023-02-16 06:15:33.499000', NULL, 28, 30),
	(25, '4반4랑해🐏', '2023-02-16 06:16:30.203000', NULL, 35, 22),
	(27, '안녕하세요!', '2023-02-16 08:22:07.297000', NULL, 18, 38),
	(28, '진짜 쩌러요', '2023-02-16 08:40:35.265000', NULL, 57, 57),
	(29, '댓글', '2023-02-16 08:45:01.102000', NULL, 55, 55),
	(30, '입력', '2023-02-16 08:45:03.684000', NULL, 55, 55),
	(31, '정범스..', '2023-02-16 08:47:21.504000', NULL, 21, 10),
	(32, '와줘서 고마워용', '2023-02-16 09:34:41.884000', NULL, 50, 18),
	(33, '와서 홍보해줘서 감사합니다ㅠ', '2023-02-16 09:35:15.498000', NULL, 41, 18),
	(34, '정훈이형.. 잘 지내..?', '2023-02-16 09:59:00.532000', NULL, 39, 69),
	(35, '와줘서 고맙습니다ㅜㅜ', '2023-02-16 10:01:51.720000', NULL, 61, 18),
	(38, '컨설턴트님 저희랑 팀 하실래요??', '2023-02-16 10:32:14.878000', NULL, 36, 39),
	(39, '유영님 저희랑 팀해요!', '2023-02-16 10:32:36.170000', NULL, 10, 39),
	(40, '안녕하세요!', '2023-02-16 13:27:16.370000', NULL, 14, 74),
	(41, '안녕하세요! 반갑습니다~', '2023-02-16 14:24:41.724000', NULL, 74, 14),
	(42, '우와 멋져요', '2023-02-17 00:34:23.629000', NULL, 84, 84);
/*!40000 ALTER TABLE `comment` ENABLE KEYS */;

-- 테이블 behind.reply 구조 내보내기
CREATE TABLE IF NOT EXISTS `reply` (
  `reply_id` int(11) NOT NULL AUTO_INCREMENT,
  `content` varchar(255) NOT NULL,
  `created_time` datetime(6) DEFAULT NULL,
  `updated_time` datetime(6) DEFAULT NULL,
  `writer_id_id` int(11) DEFAULT NULL,
  `comment_id` int(11) DEFAULT NULL,
  PRIMARY KEY (`reply_id`),
  KEY `FKsu3vupholejyqllpi719k8jlr` (`writer_id_id`),
  KEY `FK6w0ns67lrq1jdiwi5xvtj1vxx` (`comment_id`),
  CONSTRAINT `FK6w0ns67lrq1jdiwi5xvtj1vxx` FOREIGN KEY (`comment_id`) REFERENCES `comment` (`comment_id`),
  CONSTRAINT `FKsu3vupholejyqllpi719k8jlr` FOREIGN KEY (`writer_id_id`) REFERENCES `user` (`id`)
) ENGINE=InnoDB AUTO_INCREMENT=21 DEFAULT CHARSET=utf8mb4 COLLATE=utf8mb4_general_ci;

-- 테이블 데이터 behind.reply:~12 rows (대략적) 내보내기
/*!40000 ALTER TABLE `reply` DISABLE KEYS */;
INSERT INTO `reply` (`reply_id`, `content`, `created_time`, `updated_time`, `writer_id_id`, `comment_id`) VALUES
	(1, '누구..', '2023-02-16 00:04:46.384000', '2023-02-16 00:04:54.835000', 8, 5),
	(2, 'ㅋㅋㅋㅋㅋㅋ감사', '2023-02-16 04:39:22.783000', NULL, 13, 10),
	(3, 'ㄱㄱㄱ', '2023-02-16 05:47:27.121000', NULL, 20, 13),
	(4, '💜정.유.정💜', '2023-02-16 06:15:18.735000', NULL, 35, 23),
	(5, '안뇽', '2023-02-16 06:16:00.719000', NULL, 34, 24),
	(6, '안뇽', '2023-02-16 06:16:06.695000', NULL, 34, 24),
	(7, 'Zzzzz', '2023-02-16 07:01:01.674000', NULL, 28, 23),
	(10, '대댓글', '2023-02-16 08:45:06.960000', NULL, 55, 29),
	(11, '우왕', '2023-02-16 08:45:09.209000', NULL, 55, 29),
	(12, '쩐당', '2023-02-16 08:45:10.748000', NULL, 55, 29),
	(18, '내일 연락드리겠습니다!', '2023-02-16 10:32:45.490000', '2023-02-16 10:32:54.727000', 39, 39),
	(20, 'ㅋㅋ재밌었습니다👍', '2023-02-17 01:26:17.729000', NULL, 41, 33);
/*!40000 ALTER TABLE `reply` ENABLE KEYS */;

-- 테이블 behind.user 구조 내보내기
CREATE TABLE IF NOT EXISTS `user` (
  `id` int(11) NOT NULL AUTO_INCREMENT,
  `back` bit(1) NOT NULL,
  `detail` varchar(255) DEFAULT NULL,
  `email` varchar(255) DEFAULT NULL,
  `embedded` bit(1) NOT NULL,
  `front` bit(1) NOT NULL,
  `images` varchar(10000) DEFAULT NULL,
  `like_cnt` int(11) NOT NULL,
  `major` bit(1) NOT NULL,
  `name` varchar(255) NOT NULL,
  `password` varchar(255) DEFAULT NULL,
  `phone_num` varchar(255) DEFAULT NULL,
  `profile` varchar(255) DEFAULT NULL,
  `refresh_token` varchar(255) DEFAULT NULL,
  `role` varchar(255) DEFAULT NULL,
  `show_phone_num` bit(1) NOT NULL,
  `user_id` varchar(255) NOT NULL,
  `non_major` bit(1) NOT NULL,
  PRIMARY KEY (`id`)
) ENGINE=InnoDB AUTO_INCREMENT=100 DEFAULT CHARSET=utf8mb4 COLLATE=utf8mb4_general_ci;

-- 테이블 데이터 behind.user:~99 rows (대략적) 내보내기
/*!40000 ALTER TABLE `user` DISABLE KEYS */;
INSERT INTO `user` (`id`, `back`, `detail`, `email`, `embedded`, `front`, `images`, `like_cnt`, `major`, `name`, `password`, `phone_num`, `profile`, `refresh_token`, `role`, `show_phone_num`, `user_id`, `non_major`) VALUES
	(1, b'1', NULL, 'dlshb@naver.com', b'0', b'0', NULL, 0, b'1', '이상훈', NULL, 'adsfasdf', NULL, NULL, 'USER', b'0', 'deletedUser', b'0'),
	(2, b'1', '유정훈 아니고 류정훈입니다. 😃😄😁☺️😊🐶🦊🐹🐯🐰❤️🧡💛💚💙💜', 'choanury@cyworld.com', b'1', b'0', NULL, 2, b'0', '류정훈', NULL, '010-7124-2201', NULL, 'eyJhbGciOiJIUzI1NiJ9.eyJzdWIiOiIyIiwicm9sZSI6IlVTRVIiLCJpYXQiOjE2NzY1MDc0NjksImV4cCI6MTY3NzcxNzA2OX0.fv1fKaFY9OaFjPezQHFf-GNxk7sjJxAlEMnci60dpSM', 'USER', b'1', 'deletedUser', b'1'),
	(3, b'1', 'dfdfdfdfdfdfdf', 'dlshb@naver.com', b'0', b'0', NULL, 2, b'0', '이상훈', NULL, 'fgsfdg', NULL, 'eyJhbGciOiJIUzI1NiJ9.eyJzdWIiOiIzIiwicm9sZSI6IlVTRVIiLCJpYXQiOjE2NzY0NzA0ODEsImV4cCI6MTY3NjQ5MDY0MX0.4_zbyqBoiKl_8n1ILrdAso5VeVG5_XbvDD2aHdlI-rU', 'USER', b'0', 'deletedUser', b'1'),
	(4, b'1', '비전공 파이팅!', 'dldbdud111@gmail.com', b'0', b'1', NULL, 2, b'1', '서울_1반_이유영', NULL, '01088531387', NULL, 'eyJhbGciOiJIUzI1NiJ9.eyJzdWIiOiI0Iiwicm9sZSI6IlVTRVIiLCJpYXQiOjE2NzY1MDc4NjcsImV4cCI6MTY3NzcxNzQ2N30.-HzRD1kjq1XmaCCl05CP4VK5q7MeuujXYqjUEUwCiwk', 'USER', b'0', 'deletedUser', b'0'),
	(5, b'1', 'asdfasdf', 'dlshb@naver.com', b'0', b'0', NULL, 0, b'0', '이상훈', NULL, '01079990035', NULL, 'eyJhbGciOiJIUzI1NiJ9.eyJzdWIiOiI1Iiwicm9sZSI6IlVTRVIiLCJpYXQiOjE2NzY0NzcwNzYsImV4cCI6MTY3NzY4NjY3Nn0.P8CqUhLDMQ2rGiJAW_081pbyNN6UPV8xuGPQ585Jjhs', 'USER', b'0', 'deletedUser', b'1'),
	(6, b'0', NULL, 'dlshb@naver.com', b'0', b'0', NULL, 1, b'0', '이상훈', NULL, NULL, NULL, 'eyJhbGciOiJIUzI1NiJ9.eyJzdWIiOiI2Iiwicm9sZSI6IlVTRVIiLCJpYXQiOjE2NzY0ODQyNjMsImV4cCI6MTY3NzY5Mzg2M30.vflUv6Ge3aI94uLu_Wnfj3auVZGLRqSLlHVbuYsFaT0', 'USER', b'0', 'deletedUser', b'1'),
	(7, b'1', '뭐죠 이게?', 'wrd4000@gmail.com', b'0', b'1', NULL, 1, b'0', '이유영은 신인가', NULL, NULL, NULL, 'eyJhbGciOiJIUzI1NiJ9.eyJzdWIiOiI3Iiwicm9sZSI6IlVTRVIiLCJpYXQiOjE2NzY1MDc3MzQsImV4cCI6MTY3NzcxNzMzNH0.7RE_0rPkyu9S48oKFeIY2ZULOaGYXJkMVXg5pAwUneo', 'USER', b'1', 'deletedUser', b'1'),
	(8, b'1', '파이팅!', 'dldbdud113@naver.com', b'0', b'1', NULL, 0, b'0', '이유영', NULL, '01088531387', NULL, 'eyJhbGciOiJIUzI1NiJ9.eyJzdWIiOiI4Iiwicm9sZSI6IlRFTVAiLCJpYXQiOjE2NzY1MDU3NDksImV4cCI6MTY3NzcxNTM0OX0.Yb1CE6LpgsIqsUmLDq9D7tnzJKxJUF4EDSRsz0-KYIc', 'USER', b'0', 'deletedUser', b'1'),
	(9, b'0', NULL, 'akqjqdmltn@gmail.com', b'0', b'0', NULL, 0, b'0', '이상훈[서울_4반_A404]팀장', NULL, NULL, NULL, 'eyJhbGciOiJIUzI1NiJ9.eyJzdWIiOiI5Iiwicm9sZSI6IlRFTVAiLCJpYXQiOjE2NzY1MDYyMjMsImV4cCI6MTY3NzcxNTgyM30.54vYFLS_aGWjsHXy099q6usC2NiKMwno9_qAswP5eSo', 'USER', b'0', 'deletedUser', b'1'),
	(10, b'1', '안녕하세요 감사해요', 'dldbdud113@naver.com', b'0', b'1', 'kakao2649290943/multipartFile2023-02-16T04:28:45.326,kakao2649290943/multipartFile2023-02-16T04:28:46.815,kakao2649290943/multipartFile2023-02-16T04:28:47.356,kakao2649290943/multipartFile2023-02-16T04:28:47.393,kakao2649290943/multipartFile2023-02-16T04:28:47.386,kakao2649290943/multipartFile2023-02-16T04:28:47.394,kakao2649290943/multipartFile2023-02-16T04:28:48.453,kakao2649290943/multipartFile2023-02-16T04:28:49.220', 5, b'0', '유영', NULL, '01088531387', 'kakao2649290943/multipartFile2023-02-16T04:28:49.220', 'eyJhbGciOiJIUzI1NiJ9.eyJzdWIiOiIxMCIsInJvbGUiOiJVU0VSIiwiaWF0IjoxNjc2NTkxNjQ4LCJleHAiOjE3MzQ2NTI0NDh9.qaPNbSSn_giTr30tZTWV47MZyaDrjba_ScxFb0pE9YY', 'USER', b'0', 'kakao2649290943', b'1'),
	(11, b'0', NULL, 'ksj960712@naver.com', b'1', b'0', 'kakao2666182730/multipartFile2023-02-16T02:04:07.900,kakao2666182730/multipartFile2023-02-16T02:04:08.871,kakao2666182730/multipartFile2023-02-16T02:04:08.921,kakao2666182730/multipartFile2023-02-16T02:04:09.756', 3, b'0', '김성중', NULL, '01095251448', 'kakao2666182730/multipartFile2023-02-16T02:04:08.921', 'eyJhbGciOiJIUzI1NiJ9.eyJzdWIiOiIxMSIsInJvbGUiOiJVU0VSIiwiaWF0IjoxNjc2NTIwMjE4LCJleHAiOjE2NzY1NjA1Mzh9.Cr38doYNUmernbnIwgDyAFCwe4cqdIKyYVrqtNXtucw', 'USER', b'0', 'deletedUser', b'1'),
	(12, b'1', 'Devops에 관심이 많습니다', 'dlshb@naver.com', b'0', b'0', 'kakao2646608048/multipartFile2023-02-16T02:15:39.764,kakao2646608048/multipartFile2023-02-16T02:15:40.011,kakao2646608048/multipartFile2023-02-16T02:15:40.388,kakao2646608048/multipartFile2023-02-16T02:15:40.584,kakao2646608048/multipartFile2023-02-16T02:15:40.653,kakao2646608048/multipartFile2023-02-16T02:15:40.654,kakao2646608048/multipartFile2023-02-16T02:15:41.663,kakao2646608048/multipartFile2023-02-16T02:15:41.843', 2, b'0', '이상훈', NULL, '010-7999-0035', 'kakao2646608048/multipartFile2023-02-16T02:15:39.764', 'eyJhbGciOiJIUzI1NiJ9.eyJzdWIiOiIxMiIsInJvbGUiOiJVU0VSIiwiaWF0IjoxNjc2NTIwODQyLCJleHAiOjE3MzQ1ODE2NDJ9._YMowWg10GGJV59ILtgqngXc_I3I5cfZ-EPZV9rTRck', 'USER', b'0', 'deletedUser', b'1'),
	(13, b'0', '안녕하세요! A404 Reboot팀 Frontend를 맡은 유정훈입니다!', 'choanury@naver.com', b'0', b'1', 'kakao2649307479/multipartFile2023-02-16T03:27:51.574,kakao2649307479/multipartFile2023-02-16T03:27:51.792,kakao2649307479/multipartFile2023-02-16T03:27:52.368,kakao2649307479/multipartFile2023-02-16T03:27:52.557,kakao2649307479/multipartFile2023-02-16T03:27:52.643,kakao2649307479/multipartFile2023-02-16T03:27:53.117,kakao2649307479/multipartFile2023-02-16T03:28:39.631,kakao2649307479/multipartFile2023-02-16T03:28:39.652,kakao2649307479/multipartFile2023-02-16T03:28:39.865,kakao2649307479/multipartFile2023-02-16T03:28:39.893,kakao2649307479/multipartFile2023-02-16T03:28:40.100,kakao2649307479/multipartFile2023-02-16T03:28:40.126,kakao2649307479/multipartFile2023-02-16T03:28:40.385,kakao2649307479/multipartFile2023-02-16T03:39:49.953,kakao2649307479/multipartFile2023-02-16T03:39:50.283,kakao2649307479/multipartFile2023-02-16T03:39:50.576', 6, b'0', '유정훈', NULL, '01071242201', 'kakao2649307479/multipartFile2023-02-16T03:39:50.576', 'eyJhbGciOiJIUzI1NiJ9.eyJzdWIiOiIxMyIsInJvbGUiOiJVU0VSIiwiaWF0IjoxNjc2NTI5ODIwLCJleHAiOjE3MzQ1OTA2MjB9.I6tCimJsmiwVqrQrtksPTiEnP8hNr8hSFrdYBbn1BHk', 'USER', b'0', 'deletedUser', b'1'),
	(14, b'1', '안녕하세요~ 반갑습니다!\n저는 백엔드 개발자를 희망하고 Java, Spring Boot를 사용해보았습니다.', 'jmyoo88@naver.com', b'0', b'1', 'kakao2665943594/multipartFile2023-02-16T20:31:28.902,kakao2665943594/multipartFile2023-02-16T20:31:29.183,kakao2665943594/multipartFile2023-02-16T20:31:29.247,kakao2665943594/multipartFile2023-02-16T20:31:29.417,kakao2665943594/multipartFile2023-02-16T20:31:29.806', 3, b'1', '류정민', NULL, '010-9983-4783', 'kakao2665943594/multipartFile2023-02-16T20:31:29.806', 'eyJhbGciOiJIUzI1NiJ9.eyJzdWIiOiIxNCIsInJvbGUiOiJVU0VSIiwiaWF0IjoxNjc2NTk0NjU2LCJleHAiOjE3MzQ2NTU0NTZ9.dpYbOIxTnTAoFeXa3xxMugs7nkLRdYrNxIPn490obT8', 'USER', b'1', 'kakao2665943594', b'0'),
	(15, b'0', '안녕하세요 이유영 친구입니다~', 'subin3277@naver.com', b'0', b'1', NULL, 2, b'0', '수빈', NULL, '01099363507', NULL, 'eyJhbGciOiJIUzI1NiJ9.eyJzdWIiOiIxNSIsInJvbGUiOiJVU0VSIiwiaWF0IjoxNjc2NTI2MTM1LCJleHAiOjE3MzQ1ODY5MzV9.wvWyD-ZwlS0Fj3pmZwRKBuJwIufecAhn_TSR2X_MDp8', 'USER', b'1', 'kakao2668170001', b'1'),
	(16, b'0', NULL, 'ilovehyejin0409@yahoo.co.jp', b'0', b'0', NULL, 2, b'0', '허혜진', NULL, NULL, NULL, 'eyJhbGciOiJIUzI1NiJ9.eyJzdWIiOiIxNiIsInJvbGUiOiJURU1QIiwiaWF0IjoxNjc2NTE0MzU0LCJleHAiOjE2Nzc3MjM5NTR9.fYlHFBL4PRaAcTHSkVxaGgxfIiQtFfqa2_EmCth5Mh4', 'TEMP', b'0', 'kakao2668273132', b'0'),
	(17, b'0', '안녕하세요. 임베디드 개발자를 꿈꾸는 8기 김성중입니다. 싸피 생활 화이팅! :)', 'ksj960712@naver.com', b'1', b'0', 'kakao2666182730/multipartFile2023-02-16T04:43:15.185,kakao2666182730/multipartFile2023-02-16T04:43:15.260,kakao2666182730/multipartFile2023-02-16T04:43:15.808,kakao2666182730/multipartFile2023-02-16T04:43:16.008,kakao2666182730/multipartFile2023-02-16T04:43:16.119,kakao2666182730/multipartFile2023-02-16T04:43:16.287,kakao2666182730/multipartFile2023-02-16T04:43:16.449,kakao2666182730/multipartFile2023-02-16T04:43:16.658,kakao2666182730/multipartFile2023-02-16T04:48:39.887,kakao2666182730/multipartFile2023-02-16T04:48:39.926,kakao2666182730/multipartFile2023-02-16T04:48:40.213,kakao2666182730/multipartFile2023-02-16T04:48:40.248,kakao2666182730/multipartFile2023-02-16T04:48:40.323,kakao2666182730/multipartFile2023-02-16T04:48:40.488,kakao2666182730/multipartFile2023-02-16T06:42:00.227,kakao2666182730/multipartFile2023-02-16T06:42:00.840,kakao2666182730/multipartFile2023-02-16T06:42:00.895,kakao2666182730/multipartFile2023-02-16T06:42:00.928,kakao2666182730/multipartFile2023-02-16T06:42:00.901,kakao2666182730/multipartFile2023-02-16T06:42:01.271,kakao2666182730/multipartFile2023-02-16T06:42:02.299', 5, b'0', '김성중', NULL, '01095251448', 'kakao2666182730/multipartFile2023-02-16T04:43:16.658', 'eyJhbGciOiJIUzI1NiJ9.eyJzdWIiOiIxNyIsInJvbGUiOiJVU0VSIiwiaWF0IjoxNjc2NTIyMTMxLCJleHAiOjE3MzQ1ODI5MzF9.n6GCwvPByL9CVatdKPKJHAbAMm9gJT4xPeuiKW0_IXg', 'USER', b'0', 'kakao2666182730', b'1'),
	(18, b'1', 'A404 Reboot 팀의 조장을 맡은 이상훈이라고 합니다. 현재 DevOps에 관심이 있으며 이번 프로젝트에서는 ec2, s3, cloudfront, jenkins, docker를 이용하여 배포를 주로 맡았으며, Spring securiy, jwt, oauth2를 이용한 social login기능을 구현하고, Spring data jpa로 db를 담당하였습니다. ', 'dlshb@naver.com', b'0', b'0', 'deletedUser/multipartFile2023-02-17T00:31:26.603,deletedUser/multipartFile2023-02-17T00:31:26.558,deletedUser/multipartFile2023-02-17T00:31:26.534,deletedUser/multipartFile2023-02-17T00:31:26.628,deletedUser/multipartFile2023-02-17T00:31:26.844,deletedUser/multipartFile2023-02-17T00:31:27.014', 5, b'0', '이상훈', NULL, '010-7999-0035', 'deletedUser/multipartFile2023-02-17T00:31:26.603', 'eyJhbGciOiJIUzI1NiJ9.eyJzdWIiOiIxOCIsInJvbGUiOiJVU0VSIiwiaWF0IjoxNjc2NTU4MzY2LCJleHAiOjE3MzQ2MTkxNjZ9.v4F2Tlon7ByAjLYVXsanU_fEiVp4wwhFy1Vx5-eDYRs', 'USER', b'0', 'deletedUser', b'1'),
	(19, b'0', '유정훈씨\n리액트 잘해요?', 'dongsu712@naver.com', b'0', b'1', 'kakao2667478841/multipartFile2023-02-16T04:57:46.347,kakao2667478841/multipartFile2023-02-16T04:57:46.401,kakao2667478841/multipartFile2023-02-16T04:57:47.143,kakao2667478841/multipartFile2023-02-16T04:57:48.233,kakao2667478841/multipartFile2023-02-16T04:57:48.316,kakao2667478841/multipartFile2023-02-16T04:57:48.548,kakao2667478841/multipartFile2023-02-16T04:57:50.969,kakao2667478841/multipartFile2023-02-16T04:57:50.969,kakao2667478841/multipartFile2023-02-16T04:57:51.550,kakao2667478841/multipartFile2023-02-16T04:57:52.328,kakao2667478841/multipartFile2023-02-16T04:57:52.724,kakao2667478841/multipartFile2023-02-16T04:57:52.824,kakao2667478841/multipartFile2023-02-16T04:57:53.325,kakao2667478841/multipartFile2023-02-16T04:57:53.491,kakao2667478841/multipartFile2023-02-16T04:57:54.983,kakao2667478841/multipartFile2023-02-16T04:57:55.139', 4, b'0', '김동수', NULL, '010-5419-3293', 'kakao2667478841/multipartFile2023-02-16T04:57:53.325', 'eyJhbGciOiJIUzI1NiJ9.eyJzdWIiOiIxOSIsInJvbGUiOiJVU0VSIiwiaWF0IjoxNjc2NTI1MjgxLCJleHAiOjE3MzQ1ODYwODF9.vj2ObMYV8jpg5_1dKbtzpcmWDW78bJgLJwTYRpAt6kI', 'USER', b'1', 'kakao2667478841', b'1'),
	(20, b'1', NULL, 'dlwnsgur0803@naver.com', b'1', b'0', 'kakao2667478160/multipartFile2023-02-16T05:25:38.057,kakao2667478160/multipartFile2023-02-16T05:25:38.074,kakao2667478160/multipartFile2023-02-16T05:25:38.096,kakao2667478160/multipartFile2023-02-16T05:25:38.062,kakao2667478160/multipartFile2023-02-16T05:25:38.096,kakao2667478160/multipartFile2023-02-16T05:25:38.351,kakao2667478160/multipartFile2023-02-16T05:25:38.547', 5, b'0', '이준혁', NULL, '01098641227', 'kakao2667478160/multipartFile2023-02-16T05:25:38.547', 'eyJhbGciOiJIUzI1NiJ9.eyJzdWIiOiIyMCIsInJvbGUiOiJVU0VSIiwiaWF0IjoxNjc2NTQ1NTI1LCJleHAiOjE3MzQ2MDYzMjV9.EDddW_C5PH8aJdJ9dK67OlYJCPF7NAOB3OkGH4I7mjE', 'USER', b'0', 'kakao2667478160', b'1'),
	(21, b'1', NULL, 'ljbsju48@gmail.com', b'0', b'1', 'google107147081058303565316/multipartFile2023-02-16T05:39:55.893,google107147081058303565316/multipartFile2023-02-16T05:39:55.890,google107147081058303565316/multipartFile2023-02-16T05:39:55.894,google107147081058303565316/multipartFile2023-02-16T05:39:56.055,google107147081058303565316/multipartFile2023-02-16T05:39:55.890,google107147081058303565316/multipartFile2023-02-16T05:39:55.890,google107147081058303565316/multipartFile2023-02-16T05:39:56.807', 5, b'0', '이정범', NULL, '01035324582', 'google107147081058303565316/multipartFile2023-02-16T05:39:56.807', 'eyJhbGciOiJIUzI1NiJ9.eyJzdWIiOiIyMSIsInJvbGUiOiJURU1QIiwiaWF0IjoxNjc2NTI1NzA2LCJleHAiOjE3MzQ1ODY1MDZ9.EWkEOa2vBaldyOatjzUhRjaiRsikH0UoabIGYIyJgB8', 'USER', b'1', 'google107147081058303565316', b'1'),
	(22, b'1', NULL, 'yujj25@naver.com', b'0', b'1', 'kakao2668547130/multipartFile2023-02-16T05:58:44.641,kakao2668547130/multipartFile2023-02-16T05:58:44.639,kakao2668547130/multipartFile2023-02-16T05:58:44.639,kakao2668547130/multipartFile2023-02-16T05:58:44.655,kakao2668547130/multipartFile2023-02-16T05:58:44.792,kakao2668547130/multipartFile2023-02-16T05:58:44.794,kakao2668547130/multipartFile2023-02-16T05:58:44.951,kakao2668547130/multipartFile2023-02-16T05:58:45.239,kakao2668547130/multipartFile2023-02-16T05:58:45.333,kakao2668547130/multipartFile2023-02-16T05:58:45.315,kakao2668547130/multipartFile2023-02-16T05:58:45.309,kakao2668547130/multipartFile2023-02-16T05:58:45.333,kakao2668547130/multipartFile2023-02-16T05:58:45.324,kakao2668547130/multipartFile2023-02-16T05:58:45.470,kakao2668547130/multipartFile2023-02-16T05:58:45.733,kakao2668547130/multipartFile2023-02-16T05:58:45.727,kakao2668547130/multipartFile2023-02-16T05:58:45.741,kakao2668547130/multipartFile2023-02-16T05:58:45.870,kakao2668547130/multipartFile2023-02-16T05:58:45.859,kakao2668547130/multipartFile2023-02-16T05:58:45.911,kakao2668547130/multipartFile2023-02-16T05:58:45.733,kakao2668547130/multipartFile2023-02-16T08:18:29.750,kakao2668547130/multipartFile2023-02-16T08:18:29.762,kakao2668547130/multipartFile2023-02-16T08:18:29.797,kakao2668547130/multipartFile2023-02-16T08:18:29.770,kakao2668547130/multipartFile2023-02-16T08:18:29.796,kakao2668547130/multipartFile2023-02-16T08:18:30.195,kakao2668547130/multipartFile2023-02-16T08:18:30.422', 5, b'0', 'Jyueong', NULL, '01074501876', 'kakao2668547130/multipartFile2023-02-16T08:18:30.422', 'eyJhbGciOiJIUzI1NiJ9.eyJzdWIiOiIyMiIsInJvbGUiOiJURU1QIiwiaWF0IjoxNjc2NTI2MzA3LCJleHAiOjE3MzQ1ODcxMDd9.i5b5QIQ_-Wl4uy3WZDbRvZvqWpsFgBGl8IwSHJjt1G0', 'USER', b'1', 'kakao2668547130', b'1'),
	(23, b'0', NULL, 'rhdmsqls5@daum.net', b'0', b'1', 'kakao2668547228/multipartFile2023-02-16T06:00:11.847,kakao2668547228/multipartFile2023-02-16T06:00:11.856,kakao2668547228/multipartFile2023-02-16T06:00:11.897,kakao2668547228/multipartFile2023-02-16T06:00:11.898,kakao2668547228/multipartFile2023-02-16T06:00:11.899,kakao2668547228/multipartFile2023-02-16T06:00:12.143,kakao2668547228/multipartFile2023-02-16T06:00:12.218,kakao2668547228/multipartFile2023-02-16T06:00:12.242,kakao2668547228/multipartFile2023-02-16T06:00:12.245,kakao2668547228/multipartFile2023-02-16T06:00:12.255,kakao2668547228/multipartFile2023-02-16T06:00:12.420,kakao2668547228/multipartFile2023-02-16T06:00:11.898,kakao2668547228/multipartFile2023-02-16T06:00:12.406,kakao2668547228/multipartFile2023-02-16T06:00:12.640,kakao2668547228/multipartFile2023-02-16T06:00:12.242,kakao2668547228/multipartFile2023-02-16T06:00:19.069,kakao2668547228/multipartFile2023-02-16T06:00:19.067,kakao2668547228/multipartFile2023-02-16T06:00:19.114,kakao2668547228/multipartFile2023-02-16T06:00:19.067,kakao2668547228/multipartFile2023-02-16T06:00:19.298,kakao2668547228/multipartFile2023-02-16T06:00:19.363,kakao2668547228/multipartFile2023-02-16T06:00:19.414,kakao2668547228/multipartFile2023-02-16T06:00:19.873', 3, b'0', '은빈', NULL, '01033340375', 'kakao2668547228/multipartFile2023-02-16T06:00:19.873', 'eyJhbGciOiJIUzI1NiJ9.eyJzdWIiOiIyMyIsInJvbGUiOiJURU1QIiwiaWF0IjoxNjc2NTI2NDA4LCJleHAiOjE3MzQ1ODcyMDh9.ciqJiLZ11YLD2qjkVZHTHM5NgJfkwOvRlaqsT42C70A', 'USER', b'1', 'kakao2668547228', b'1'),
	(24, b'1', NULL, 'rhddpcks9814@naver.com', b'0', b'1', 'kakao2668547248/multipartFile2023-02-16T05:54:25.377,kakao2668547248/multipartFile2023-02-16T05:54:25.459,kakao2668547248/multipartFile2023-02-16T05:54:25.459,kakao2668547248/multipartFile2023-02-16T05:54:25.468,kakao2668547248/multipartFile2023-02-16T05:54:25.512,kakao2668547248/multipartFile2023-02-16T05:54:25.576,kakao2668547248/multipartFile2023-02-16T05:54:25.686,kakao2668547248/multipartFile2023-02-16T05:54:25.687,kakao2668547248/multipartFile2023-02-16T05:54:25.717,kakao2668547248/multipartFile2023-02-16T05:54:25.731,kakao2668547248/multipartFile2023-02-16T05:54:25.709,kakao2668547248/multipartFile2023-02-16T05:54:25.816,kakao2668547248/multipartFile2023-02-16T05:54:25.459,kakao2668547248/multipartFile2023-02-16T05:54:25.939,kakao2668547248/multipartFile2023-02-16T05:54:26.060,kakao2668547248/multipartFile2023-02-16T05:54:26.092,kakao2668547248/multipartFile2023-02-16T05:54:26.106,kakao2668547248/multipartFile2023-02-16T05:54:26.122,kakao2668547248/multipartFile2023-02-16T05:54:26.143,kakao2668547248/multipartFile2023-02-16T05:54:26.245,kakao2668547248/multipartFile2023-02-16T05:54:26.260,kakao2668547248/multipartFile2023-02-16T05:54:26.341,kakao2668547248/multipartFile2023-02-16T05:54:26.413', 3, b'1', '공예찬', NULL, '01073119814', 'kakao2668547248/multipartFile2023-02-16T05:54:26.245', 'eyJhbGciOiJIUzI1NiJ9.eyJzdWIiOiIyNCIsInJvbGUiOiJURU1QIiwiaWF0IjoxNjc2NTI2MzEyLCJleHAiOjE3MzQ1ODcxMTJ9.cZDyqb29IUs27tuCdJBiUxfDFMW9oO5bbOwlgR0SXJY', 'USER', b'0', 'kakao2668547248', b'0'),
	(25, b'1', NULL, 'cj7498@naver.com', b'0', b'1', 'kakao2668547181/multipartFile2023-02-16T05:56:08.265,kakao2668547181/multipartFile2023-02-16T05:56:08.367,kakao2668547181/multipartFile2023-02-16T05:56:08.345,kakao2668547181/multipartFile2023-02-16T05:56:08.367,kakao2668547181/multipartFile2023-02-16T05:56:08.367,kakao2668547181/multipartFile2023-02-16T05:56:08.382,kakao2668547181/multipartFile2023-02-16T05:56:08.548,kakao2668547181/multipartFile2023-02-16T05:56:08.872', 3, b'0', '이창준', NULL, '01089510335', 'kakao2668547181/multipartFile2023-02-16T05:56:08.872', 'eyJhbGciOiJIUzI1NiJ9.eyJzdWIiOiIyNSIsInJvbGUiOiJVU0VSIiwiaWF0IjoxNjc2NTM4OTUyLCJleHAiOjE3MzQ1OTk3NTJ9.vWqyROFJCmjaztuTMyBMiFgltoowsRkM_zQ6x3LcB8k', 'USER', b'1', 'kakao2668547181', b'1'),
	(26, b'1', NULL, '2007bae@naver.com', b'0', b'1', 'kakao2668548039/multipartFile2023-02-16T05:49:10.540,kakao2668548039/multipartFile2023-02-16T05:49:10.532,kakao2668548039/multipartFile2023-02-16T05:49:10.501,kakao2668548039/multipartFile2023-02-16T05:49:10.573,kakao2668548039/multipartFile2023-02-16T05:49:10.572,kakao2668548039/multipartFile2023-02-16T05:49:10.777,kakao2668548039/multipartFile2023-02-16T05:49:10.894,kakao2668548039/multipartFile2023-02-16T05:49:10.997,kakao2668548039/multipartFile2023-02-16T05:49:10.982,kakao2668548039/multipartFile2023-02-16T05:49:10.963,kakao2668548039/multipartFile2023-02-16T05:49:11.021,kakao2668548039/multipartFile2023-02-16T05:49:11.290,kakao2668548039/multipartFile2023-02-16T05:49:10.997,kakao2668548039/multipartFile2023-02-16T05:49:11.290,kakao2668548039/multipartFile2023-02-16T05:49:11.808', 3, b'1', '이치헌', NULL, '01040627545', 'kakao2668548039/multipartFile2023-02-16T05:49:11.808', 'eyJhbGciOiJIUzI1NiJ9.eyJzdWIiOiIyNiIsInJvbGUiOiJURU1QIiwiaWF0IjoxNjc2NTI2NDA0LCJleHAiOjE3MzQ1ODcyMDR9.miWlxLkph3dWOS7S_VcGX3hdksa0aqSzW7no5pvDCwg', 'USER', b'0', 'kakao2668548039', b'0'),
	(27, b'1', NULL, 'xpeach1510@gmail.com', b'0', b'0', 'kakao2668547121/multipartFile2023-02-16T05:52:05.104,kakao2668547121/multipartFile2023-02-16T05:52:05.144,kakao2668547121/multipartFile2023-02-16T05:52:05.162,kakao2668547121/multipartFile2023-02-16T05:52:05.144,kakao2668547121/multipartFile2023-02-16T05:52:05.168,kakao2668547121/multipartFile2023-02-16T05:52:05.275,kakao2668547121/multipartFile2023-02-16T05:52:05.162,kakao2668547121/multipartFile2023-02-16T05:52:05.978', 4, b'1', '수빈', NULL, '01039272931', 'kakao2668547121/multipartFile2023-02-16T05:52:05.978', 'eyJhbGciOiJIUzI1NiJ9.eyJzdWIiOiIyNyIsInJvbGUiOiJURU1QIiwiaWF0IjoxNjc2NTI2NDEyLCJleHAiOjE3MzQ1ODcyMTJ9.hqCmQlSMMLT1pWbzCbE_U7nh2KWqjmOEQXuNGLQ-C3c', 'USER', b'0', 'kakao2668547121', b'0'),
	(28, b'0', NULL, 'hanbin9090@hanmail.net', b'0', b'1', 'kakao2668570973/multipartFile2023-02-16T06:05:09.175,kakao2668570973/multipartFile2023-02-16T06:05:09.168,kakao2668570973/multipartFile2023-02-16T06:05:09.160,kakao2668570973/multipartFile2023-02-16T06:05:09.186,kakao2668570973/multipartFile2023-02-16T06:05:09.169,kakao2668570973/multipartFile2023-02-16T06:05:09.182,kakao2668570973/multipartFile2023-02-16T06:05:09.361,kakao2668570973/multipartFile2023-02-16T06:05:09.540', 5, b'0', 'hanbin Lee', NULL, '01090638385', 'kakao2668570973/multipartFile2023-02-16T06:05:09.540', 'eyJhbGciOiJIUzI1NiJ9.eyJzdWIiOiIyOCIsInJvbGUiOiJVU0VSIiwiaWF0IjoxNjc2NTQyMjk3LCJleHAiOjE3MzQ2MDMwOTd9.iUTWHfJ57nkBlsDeHflv9CY7UlqY9vhVUcZ6k_cjUQ8', 'USER', b'0', 'kakao2668570973', b'1'),
	(29, b'1', NULL, 'chohm1223@naver.com', b'0', b'0', 'kakao2668571907/multipartFile2023-02-16T06:08:27.945,kakao2668571907/multipartFile2023-02-16T06:08:27.946,kakao2668571907/multipartFile2023-02-16T06:08:27.953,kakao2668571907/multipartFile2023-02-16T06:08:27.975,kakao2668571907/multipartFile2023-02-16T06:08:27.980,kakao2668571907/multipartFile2023-02-16T06:08:27.984,kakao2668571907/multipartFile2023-02-16T06:08:28.121,kakao2668571907/multipartFile2023-02-16T06:08:28.349', 4, b'1', '조현민', NULL, '01056593262', 'kakao2668571907/multipartFile2023-02-16T06:08:28.349', 'eyJhbGciOiJIUzI1NiJ9.eyJzdWIiOiIyOSIsInJvbGUiOiJURU1QIiwiaWF0IjoxNjc2NTI3Mzc1LCJleHAiOjE3MzQ1ODgxNzV9.t0MWlJnmBloIYS544s3sHKSB1eNrTVOc55hstnycl1c', 'USER', b'0', 'kakao2668571907', b'0'),
	(30, b'0', '', 'yjlee66096@gmail.com', b'0', b'1', 'kakao2668571574/multipartFile2023-02-16T07:32:35.180,kakao2668571574/multipartFile2023-02-16T07:32:35.187,kakao2668571574/multipartFile2023-02-16T07:32:35.211,kakao2668571574/multipartFile2023-02-16T07:32:35.197,kakao2668571574/multipartFile2023-02-16T07:32:35.430,kakao2668571574/multipartFile2023-02-16T07:32:35.430,kakao2668571574/multipartFile2023-02-16T07:32:35.448,kakao2668571574/multipartFile2023-02-16T07:32:35.720', 3, b'0', '이예진', NULL, '01072756638', 'kakao2668571574/multipartFile2023-02-16T07:32:35.720', 'eyJhbGciOiJIUzI1NiJ9.eyJzdWIiOiIzMCIsInJvbGUiOiJURU1QIiwiaWF0IjoxNjc2NTI3MzgyLCJleHAiOjE3MzQ1ODgxODJ9.jTT_9Gvq7zhf2fBhn7YTF_tE0jXb2KrFVMVcLEQozC0', 'USER', b'1', 'kakao2668571574', b'1'),
	(31, b'1', NULL, 'dlwltn0350@gmail.com', b'0', b'0', 'google117676082727372849171/multipartFile2023-02-16T06:16:44.550,google117676082727372849171/multipartFile2023-02-16T06:16:44.614,google117676082727372849171/multipartFile2023-02-16T06:16:44.605,google117676082727372849171/multipartFile2023-02-16T06:16:44.693,google117676082727372849171/multipartFile2023-02-16T06:16:44.727,google117676082727372849171/multipartFile2023-02-16T06:16:44.707,google117676082727372849171/multipartFile2023-02-16T06:16:45.062', 4, b'1', '이지수', NULL, '01052566823', 'google117676082727372849171/multipartFile2023-02-16T06:16:45.062', 'eyJhbGciOiJIUzI1NiJ9.eyJzdWIiOiIzMSIsInJvbGUiOiJURU1QIiwiaWF0IjoxNjc2NTI3Mzg0LCJleHAiOjE3MzQ1ODgxODR9.T8lcqhDKqvpidCrOuyxLJcbpnkaaCYIwd4G0vlfMe5A', 'USER', b'0', 'google117676082727372849171', b'0'),
	(32, b'1', NULL, 'kanggakky1214@gmail.com', b'0', b'0', 'google117266822158193663795/multipartFile2023-02-16T09:27:52.149,google117266822158193663795/multipartFile2023-02-16T09:27:52.158,google117266822158193663795/multipartFile2023-02-16T09:27:52.194,google117266822158193663795/multipartFile2023-02-16T09:27:52.207,google117266822158193663795/multipartFile2023-02-16T09:27:52.205,google117266822158193663795/multipartFile2023-02-16T09:27:52.350,google117266822158193663795/multipartFile2023-02-16T09:27:52.207,google117266822158193663795/multipartFile2023-02-16T09:27:53.179', 0, b'1', '강승곤', NULL, '010-4929-3788', 'google117266822158193663795/multipartFile2023-02-16T09:27:53.179', 'eyJhbGciOiJIUzI1NiJ9.eyJzdWIiOiIzMiIsInJvbGUiOiJVU0VSIiwiaWF0IjoxNjc2NTM5NTEzLCJleHAiOjE3MzQ2MDAzMTN9.6RU39nzLdsqg91ZPg4wZhIfvejCFGLzAQwUL3nSbalM', 'USER', b'1', 'google117266822158193663795', b'0'),
	(33, b'0', NULL, 'bljh1008@naver.com', b'0', b'1', 'kakao2665811016/multipartFile2023-02-17T01:00:58.118,kakao2665811016/multipartFile2023-02-17T01:00:58.187,kakao2665811016/multipartFile2023-02-17T01:00:58.188,kakao2665811016/multipartFile2023-02-17T01:00:58.185,kakao2665811016/multipartFile2023-02-17T01:00:58.218,kakao2665811016/multipartFile2023-02-17T01:00:58.389,kakao2665811016/multipartFile2023-02-17T01:00:58.599,kakao2665811016/multipartFile2023-02-17T01:01:18.369,kakao2665811016/multipartFile2023-02-17T01:01:18.414,kakao2665811016/multipartFile2023-02-17T01:01:18.549,kakao2665811016/multipartFile2023-02-17T01:01:18.813,kakao2665811016/multipartFile2023-02-17T01:01:19.146,kakao2665811016/multipartFile2023-02-17T01:01:19.195,kakao2665811016/multipartFile2023-02-17T01:01:19.322,kakao2665811016/multipartFile2023-02-17T01:01:19.726', 0, b'0', '김혜림', NULL, '01012341234', 'kakao2665811016/multipartFile2023-02-17T01:01:19.726', 'eyJhbGciOiJIUzI1NiJ9.eyJzdWIiOiIzMyIsInJvbGUiOiJURU1QIiwiaWF0IjoxNjc2NTI3NDI4LCJleHAiOjE3MzQ1ODgyMjh9.t96bfeEPRckKyD6hThBtVhQWdGSx-Dg4xQbIwWjXccI', 'USER', b'1', 'kakao2665811016', b'1'),
	(34, b'1', NULL, 'mint3410@naver.com', b'0', b'0', 'kakao2668574067/multipartFile2023-02-16T06:19:00.863,kakao2668574067/multipartFile2023-02-16T06:19:00.849,kakao2668574067/multipartFile2023-02-16T06:19:00.847,kakao2668574067/multipartFile2023-02-16T06:19:00.865,kakao2668574067/multipartFile2023-02-16T06:19:00.907,kakao2668574067/multipartFile2023-02-16T06:19:01.029,kakao2668574067/multipartFile2023-02-16T06:19:01.227', 4, b'1', '박미희', NULL, '01094610649', 'kakao2668574067/multipartFile2023-02-16T06:19:01.227', 'eyJhbGciOiJIUzI1NiJ9.eyJzdWIiOiIzNCIsInJvbGUiOiJVU0VSIiwiaWF0IjoxNjc2NTI4MDQ5LCJleHAiOjE3MzQ1ODg4NDl9.z0zahjFcy7Coa0F6ZsUEMRCWImxjA6EkG5mhzmXJK8Y', 'USER', b'0', 'kakao2668574067', b'0'),
	(35, b'0', NULL, 'syhj0326@naver.com', b'0', b'1', 'kakao2668584679/multipartFile2023-02-16T07:48:41.588,kakao2668584679/multipartFile2023-02-16T07:48:41.606,kakao2668584679/multipartFile2023-02-16T07:48:41.626,kakao2668584679/multipartFile2023-02-16T07:48:41.634,kakao2668584679/multipartFile2023-02-16T07:48:41.645,kakao2668584679/multipartFile2023-02-16T07:48:41.658,kakao2668584679/multipartFile2023-02-16T07:48:41.889,kakao2668584679/multipartFile2023-02-16T07:48:42.091', 1, b'0', '희진', NULL, '01086470326', 'kakao2668584679/multipartFile2023-02-16T07:48:42.091', 'eyJhbGciOiJIUzI1NiJ9.eyJzdWIiOiIzNSIsInJvbGUiOiJURU1QIiwiaWF0IjoxNjc2NTI3OTQxLCJleHAiOjE3MzQ1ODg3NDF9.O26TAg8kePeNmu4PS_R_pGVoZzBWC-RNGZI_7eXeW48', 'USER', b'1', 'kakao2668584679', b'1'),
	(36, b'1', NULL, 'megahawk88@gmail.com', b'0', b'1', 'kakao2668589849/multipartFile2023-02-16T07:37:51.484,kakao2668589849/multipartFile2023-02-16T07:37:51.456,kakao2668589849/multipartFile2023-02-16T07:37:51.492,kakao2668589849/multipartFile2023-02-16T07:37:51.497,kakao2668589849/multipartFile2023-02-16T07:37:51.490,kakao2668589849/multipartFile2023-02-16T07:37:51.490,kakao2668589849/multipartFile2023-02-16T07:37:51.740,kakao2668589849/multipartFile2023-02-16T07:37:52.007', 1, b'0', '이상현', NULL, '01044897770', 'kakao2668589849/multipartFile2023-02-16T07:37:52.007', 'eyJhbGciOiJIUzI1NiJ9.eyJzdWIiOiIzNiIsInJvbGUiOiJURU1QIiwiaWF0IjoxNjc2NTI4MTM0LCJleHAiOjE3MzQ1ODg5MzR9.21BzAwWlVvRO3cG4pZ-pNrG4EdGsBRgZ3RHQ3vBlLeU', 'USER', b'1', 'kakao2668589849', b'1'),
	(37, b'1', NULL, 'tlsdnrng@gmail.com', b'0', b'1', NULL, 2, b'0', '강신욱', NULL, '01096801447', NULL, 'eyJhbGciOiJIUzI1NiJ9.eyJzdWIiOiIzNyIsInJvbGUiOiJURU1QIiwiaWF0IjoxNjc2NTI5NzE3LCJleHAiOjE3MzQ1OTA1MTd9.cpdkVxfhd1bXaTBYB6JT8LI6JdHO5Ua-Q4No1IXjLMo', 'USER', b'0', 'google101846316963522448140', b'1'),
	(38, b'1', '안녕하세요!', 'jmyoo555@gmail.com', b'0', b'1', NULL, 1, b'1', '류정민', NULL, '01099834783', NULL, 'eyJhbGciOiJIUzI1NiJ9.eyJzdWIiOiIzOCIsInJvbGUiOiJVU0VSIiwiaWF0IjoxNjc2NTUzMjgzLCJleHAiOjE3MzQ2MTQwODN9.yRwFKSioKWj0p-dM-uo5kCGkJNGZCMJM97uy9zJ7BCo', 'USER', b'0', 'deletedUser', b'0'),
	(39, b'1', '하하하', 'choanury@cyworld.com', b'0', b'0', 'kakao2649307479/multipartFile2023-02-16T07:34:53.083,kakao2649307479/multipartFile2023-02-16T07:34:53.132,kakao2649307479/multipartFile2023-02-16T07:34:53.102,kakao2649307479/multipartFile2023-02-16T07:34:53.156,kakao2649307479/multipartFile2023-02-16T07:34:53.131,kakao2649307479/multipartFile2023-02-16T07:34:53.163,kakao2649307479/multipartFile2023-02-16T07:34:53.349,kakao2649307479/multipartFile2023-02-16T07:34:53.885', 2, b'1', '류정훈', NULL, '01071242201', 'kakao2649307479/multipartFile2023-02-16T07:34:53.349', 'eyJhbGciOiJIUzI1NiJ9.eyJzdWIiOiIzOSIsInJvbGUiOiJVU0VSIiwiaWF0IjoxNjc2NTQxMjAyLCJleHAiOjE3MzQ2MDIwMDJ9.R91dZrLcsxhnCYZQBJnb_5jk6HzxJqaYnAcXe7Svkao', 'USER', b'0', 'deletedUser', b'0'),
	(40, b'1', NULL, 'chohyeon9708@gmail.com', b'0', b'0', 'google110632071276330876917/multipartFile2023-02-16T07:56:55.571,google110632071276330876917/multipartFile2023-02-16T07:56:55.588,google110632071276330876917/multipartFile2023-02-16T07:56:55.623,google110632071276330876917/multipartFile2023-02-16T07:56:55.684,google110632071276330876917/multipartFile2023-02-16T07:56:55.621,google110632071276330876917/multipartFile2023-02-16T07:56:55.782,google110632071276330876917/multipartFile2023-02-16T07:56:55.571,google110632071276330876917/multipartFile2023-02-16T07:56:56.323,google110632071276330876917/multipartFile2023-02-17T01:14:59.758,google110632071276330876917/multipartFile2023-02-17T01:14:59.757,google110632071276330876917/multipartFile2023-02-17T01:14:59.751,google110632071276330876917/multipartFile2023-02-17T01:14:59.771,google110632071276330876917/multipartFile2023-02-17T01:14:59.735,google110632071276330876917/multipartFile2023-02-17T01:14:59.982,google110632071276330876917/multipartFile2023-02-17T01:15:00.253', 1, b'1', '민초현', NULL, '01055980792', 'google110632071276330876917/multipartFile2023-02-17T01:15:00.253', 'eyJhbGciOiJIUzI1NiJ9.eyJzdWIiOiI0MCIsInJvbGUiOiJVU0VSIiwiaWF0IjoxNjc2NTMzOTQ5LCJleHAiOjE3MzQ1OTQ3NDl9.dJldKx7c07n5XaKXxBlrMFthb_2jcLq05uJw80m-D6s', 'USER', b'0', 'google110632071276330876917', b'0'),
	(41, b'0', NULL, 'moxnox63@naver.com', b'0', b'1', 'google102312869021784191422/multipartFile2023-02-16T07:43:24.992,google102312869021784191422/multipartFile2023-02-16T07:43:24.983,google102312869021784191422/multipartFile2023-02-16T07:43:25.026,google102312869021784191422/multipartFile2023-02-16T07:43:25.073,google102312869021784191422/multipartFile2023-02-16T07:43:25.039,google102312869021784191422/multipartFile2023-02-16T07:43:25.044,google102312869021784191422/multipartFile2023-02-16T07:43:25.244,google102312869021784191422/multipartFile2023-02-16T07:43:25.423', 1, b'0', '정소영', NULL, '01039306309', 'google102312869021784191422/multipartFile2023-02-16T07:43:25.423', 'eyJhbGciOiJIUzI1NiJ9.eyJzdWIiOiI0MSIsInJvbGUiOiJVU0VSIiwiaWF0IjoxNjc2NTk2MzI3LCJleHAiOjE3MzQ2NTcxMjd9.RiLkQRrN1nvHTMOxc27AyK_HIqThgMnBdu0sutoQu88', 'USER', b'1', 'google102312869021784191422', b'1'),
	(42, b'1', NULL, 'rjsdlzoq@naver.com', b'0', b'0', 'kakao2668717918/multipartFile2023-02-16T07:54:50.357,kakao2668717918/multipartFile2023-02-16T07:54:50.357,kakao2668717918/multipartFile2023-02-16T07:54:50.375,kakao2668717918/multipartFile2023-02-16T07:54:50.373,kakao2668717918/multipartFile2023-02-16T07:54:50.717,kakao2668717918/multipartFile2023-02-16T07:54:50.949', 2, b'0', '이해건', NULL, '010-5592-3385', 'kakao2668717918/multipartFile2023-02-16T07:54:50.949', 'eyJhbGciOiJIUzI1NiJ9.eyJzdWIiOiI0MiIsInJvbGUiOiJURU1QIiwiaWF0IjoxNjc2NTMzNjY0LCJleHAiOjE3MzQ1OTQ0NjR9.F1BD5oUbPLzP9XF6vFwfgxRbPAvrX_sX2KBW4MgI9Uk', 'USER', b'0', 'kakao2668717918', b'1'),
	(43, b'1', NULL, 'o_s_s_@naver.com', b'0', b'0', 'kakao2668720146/multipartFile2023-02-16T07:58:38.366,kakao2668720146/multipartFile2023-02-16T07:58:38.337,kakao2668720146/multipartFile2023-02-16T07:58:38.352,kakao2668720146/multipartFile2023-02-16T07:58:38.395,kakao2668720146/multipartFile2023-02-16T07:58:38.553,kakao2668720146/multipartFile2023-02-16T07:58:38.366,kakao2668720146/multipartFile2023-02-16T07:58:39.150', 1, b'0', '오세솔', NULL, '01099762877', 'kakao2668720146/multipartFile2023-02-16T07:58:39.150', 'eyJhbGciOiJIUzI1NiJ9.eyJzdWIiOiI0MyIsInJvbGUiOiJURU1QIiwiaWF0IjoxNjc2NTMzNzU3LCJleHAiOjE3MzQ1OTQ1NTd9.gyRymoV8S74KWV8ah-DlAugW3x9W0Bircp9KZRvYAZ4', 'USER', b'0', 'kakao2668720146', b'1'),
	(44, b'1', NULL, 'l6778@naver.com', b'0', b'0', 'kakao2668742905/multipartFile2023-02-16T08:08:14.899,kakao2668742905/multipartFile2023-02-16T08:08:14.914,kakao2668742905/multipartFile2023-02-16T08:08:14.908,kakao2668742905/multipartFile2023-02-16T08:08:15.135,kakao2668742905/multipartFile2023-02-16T08:08:15.168,kakao2668742905/multipartFile2023-02-16T08:08:15.233,kakao2668742905/multipartFile2023-02-16T08:08:15.249,kakao2668742905/multipartFile2023-02-16T08:08:15.254,kakao2668742905/multipartFile2023-02-16T08:08:15.263,kakao2668742905/multipartFile2023-02-16T08:08:15.398,kakao2668742905/multipartFile2023-02-16T08:08:15.475,kakao2668742905/multipartFile2023-02-16T08:08:15.233', 1, b'1', '이종민', NULL, '01030064230', 'kakao2668742905/multipartFile2023-02-16T08:08:15.233', 'eyJhbGciOiJIUzI1NiJ9.eyJzdWIiOiI0NCIsInJvbGUiOiJURU1QIiwiaWF0IjoxNjc2NTM0NzM1LCJleHAiOjE3MzQ1OTU1MzV9.jpJtL5bwTdh6rwKMJzVk6d0pykChM8K5zG-zulfh3MA', 'USER', b'0', 'kakao2668742905', b'0'),
	(45, b'1', NULL, 'sjy4974@naver.com', b'0', b'0', 'kakao2668743739/multipartFile2023-02-16T08:12:29.706,kakao2668743739/multipartFile2023-02-16T08:12:29.683,kakao2668743739/multipartFile2023-02-16T08:12:29.685,kakao2668743739/multipartFile2023-02-16T08:12:29.694,kakao2668743739/multipartFile2023-02-16T08:12:29.833,kakao2668743739/multipartFile2023-02-16T08:12:29.932,kakao2668743739/multipartFile2023-02-16T08:12:30.228', 1, b'0', '준용', NULL, '01049014974', 'kakao2668743739/multipartFile2023-02-16T08:12:30.228', 'eyJhbGciOiJIUzI1NiJ9.eyJzdWIiOiI0NSIsInJvbGUiOiJURU1QIiwiaWF0IjoxNjc2NTM0NzY5LCJleHAiOjE3MzQ1OTU1Njl9.klWYYKnxP3saW9lczlH4Y_b2latEEl37_vz_tAAb4As', 'USER', b'0', 'kakao2668743739', b'1'),
	(46, b'0', NULL, 'ytjin101@gmail.com', b'0', b'0', NULL, 1, b'0', '진윤태', NULL, NULL, NULL, 'eyJhbGciOiJIUzI1NiJ9.eyJzdWIiOiI0NiIsInJvbGUiOiJURU1QIiwiaWF0IjoxNjc2NTM1MDk1LCJleHAiOjE3MzQ1OTU4OTV9.vMyOUf4E-4Rf1OtQFp6xFuXCdwsHLrz547noIA0LuMA', 'TEMP', b'0', 'kakao2668751101', b'0'),
	(47, b'0', NULL, 'dytjdkorea@naver.com', b'0', b'1', 'kakao2668765145/multipartFile2023-02-16T08:26:22.526,kakao2668765145/multipartFile2023-02-16T08:26:22.548,kakao2668765145/multipartFile2023-02-16T08:26:22.539,kakao2668765145/multipartFile2023-02-16T08:26:22.546,kakao2668765145/multipartFile2023-02-16T08:26:22.562,kakao2668765145/multipartFile2023-02-16T08:26:22.561,kakao2668765145/multipartFile2023-02-16T08:26:22.799,kakao2668765145/multipartFile2023-02-16T08:26:23.119', 2, b'0', '문요성', NULL, '01034401234', 'kakao2668765145/multipartFile2023-02-16T08:26:23.119', 'eyJhbGciOiJIUzI1NiJ9.eyJzdWIiOiI0NyIsInJvbGUiOiJURU1QIiwiaWF0IjoxNjc2NTM1NzE5LCJleHAiOjE3MzQ1OTY1MTl9.UVPb5B96gelDb4HTemC5YfszD4P-X5hLuxgmzHPkxbs', 'USER', b'1', 'kakao2668765145', b'1'),
	(48, b'1', NULL, 'k7598908@naver.com', b'0', b'0', 'kakao2668771325/multipartFile2023-02-16T08:31:58.027,kakao2668771325/multipartFile2023-02-16T08:31:58.185,kakao2668771325/multipartFile2023-02-16T08:31:58.206,kakao2668771325/multipartFile2023-02-16T08:31:58.349,kakao2668771325/multipartFile2023-02-16T08:31:58.378,kakao2668771325/multipartFile2023-02-16T08:31:58.389,kakao2668771325/multipartFile2023-02-16T08:31:58.435,kakao2668771325/multipartFile2023-02-16T08:31:58.746,kakao2668771325/multipartFile2023-02-16T08:31:58.950,kakao2668771325/multipartFile2023-02-16T08:31:59.122,kakao2668771325/multipartFile2023-02-16T08:31:59.235,kakao2668771325/multipartFile2023-02-16T08:31:59.260,kakao2668771325/multipartFile2023-02-16T08:31:59.335,kakao2668771325/multipartFile2023-02-16T08:31:59.393,kakao2668771325/multipartFile2023-02-16T08:31:59.571', 1, b'1', '강유림', NULL, '01055868908', 'kakao2668771325/multipartFile2023-02-16T08:31:59.571', 'eyJhbGciOiJIUzI1NiJ9.eyJzdWIiOiI0OCIsInJvbGUiOiJURU1QIiwiaWF0IjoxNjc2NTM1OTg1LCJleHAiOjE3MzQ1OTY3ODV9.CEBgUN7tjepSQ2z1XgcYEVOdIMVEXrsXcXIscJqrSEw', 'USER', b'1', 'kakao2668771325', b'0'),
	(49, b'1', NULL, 'dlgkssk38@snu.ac.kr', b'0', b'1', 'kakao2668772711/multipartFile2023-02-16T08:30:09.002,kakao2668772711/multipartFile2023-02-16T08:30:09.072,kakao2668772711/multipartFile2023-02-16T08:30:09.151,kakao2668772711/multipartFile2023-02-16T08:30:09.223,kakao2668772711/multipartFile2023-02-16T08:30:09.223,kakao2668772711/multipartFile2023-02-16T08:30:09.436,kakao2668772711/multipartFile2023-02-16T08:30:09.591,kakao2668772711/multipartFile2023-02-16T08:30:09.850,kakao2668772711/multipartFile2023-02-16T08:30:09.896,kakao2668772711/multipartFile2023-02-16T08:30:09.914,kakao2668772711/multipartFile2023-02-16T08:30:09.935,kakao2668772711/multipartFile2023-02-16T08:30:09.936,kakao2668772711/multipartFile2023-02-16T08:30:09.945,kakao2668772711/multipartFile2023-02-16T08:30:10.030,kakao2668772711/multipartFile2023-02-16T08:30:10.071,kakao2668772711/multipartFile2023-02-16T08:30:10.251', 2, b'0', '이한나', NULL, '01023523277', 'kakao2668772711/multipartFile2023-02-16T08:30:10.251', 'eyJhbGciOiJIUzI1NiJ9.eyJzdWIiOiI0OSIsInJvbGUiOiJURU1QIiwiaWF0IjoxNjc2NTM2MDMwLCJleHAiOjE3MzQ1OTY4MzB9.0qMrFqktyqPDKY_ehPbqAA-RXHfss9YDWSTpAWqbmWo', 'USER', b'0', 'kakao2668772711', b'1'),
	(50, b'0', NULL, 'onyonyongx@naver.com', b'0', b'1', 'kakao2668775577/multipartFile2023-02-16T08:37:04.894,kakao2668775577/multipartFile2023-02-16T08:37:04.922,kakao2668775577/multipartFile2023-02-16T08:37:04.934,kakao2668775577/multipartFile2023-02-16T08:37:04.914,kakao2668775577/multipartFile2023-02-16T08:37:04.936,kakao2668775577/multipartFile2023-02-16T08:37:05.112,kakao2668775577/multipartFile2023-02-16T08:37:05.285,kakao2668775577/multipartFile2023-02-16T08:37:05.390,kakao2668775577/multipartFile2023-02-16T08:37:05.376,kakao2668775577/multipartFile2023-02-16T08:37:05.427,kakao2668775577/multipartFile2023-02-16T08:37:05.425,kakao2668775577/multipartFile2023-02-16T08:37:05.426,kakao2668775577/multipartFile2023-02-16T08:37:05.485,kakao2668775577/multipartFile2023-02-16T08:37:05.661,kakao2668775577/multipartFile2023-02-16T08:37:05.845,kakao2668775577/multipartFile2023-02-16T08:37:05.910,kakao2668775577/multipartFile2023-02-16T08:37:05.862,kakao2668775577/multipartFile2023-02-16T08:37:05.954,kakao2668775577/multipartFile2023-02-16T08:37:06.043,kakao2668775577/multipartFile2023-02-16T08:37:06.115,kakao2668775577/multipartFile2023-02-16T08:37:05.845', 1, b'0', '영현', NULL, '01043940988', 'kakao2668775577/multipartFile2023-02-16T08:37:05.845', 'eyJhbGciOiJIUzI1NiJ9.eyJzdWIiOiI1MCIsInJvbGUiOiJURU1QIiwiaWF0IjoxNjc2NTM2MTYzLCJleHAiOjE3MzQ1OTY5NjN9.QGqqowr2aykmPx-bEofsKhwWLvQcouDJJ6tm9mPJNKE', 'USER', b'0', 'kakao2668775577', b'1'),
	(51, b'1', NULL, 'leeykkk__22@nate.com', b'0', b'0', 'kakao2668775816/multipartFile2023-02-16T08:33:40.407,kakao2668775816/multipartFile2023-02-16T08:33:40.407,kakao2668775816/multipartFile2023-02-16T08:33:40.494,kakao2668775816/multipartFile2023-02-16T08:33:40.509,kakao2668775816/multipartFile2023-02-16T08:33:40.503,kakao2668775816/multipartFile2023-02-16T08:33:40.562,kakao2668775816/multipartFile2023-02-16T08:33:40.501,kakao2668775816/multipartFile2023-02-16T08:33:40.744', 1, b'0', '이윤경', NULL, '01038604926', 'kakao2668775816/multipartFile2023-02-16T08:33:40.744', 'eyJhbGciOiJIUzI1NiJ9.eyJzdWIiOiI1MSIsInJvbGUiOiJURU1QIiwiaWF0IjoxNjc2NTM2MTY5LCJleHAiOjE3MzQ1OTY5Njl9.S05_GHoxvFaA9s5D580NG7H6Dt8YE6lRx0EM1va39XU', 'USER', b'1', 'kakao2668775816', b'1'),
	(52, b'1', NULL, 'rlawnsgh8395@naver.com', b'0', b'0', NULL, 0, b'1', '김준호', NULL, '010-2222-2222', NULL, 'eyJhbGciOiJIUzI1NiJ9.eyJzdWIiOiI1MiIsInJvbGUiOiJURU1QIiwiaWF0IjoxNjc2NTM2MjUwLCJleHAiOjE3MzQ1OTcwNTB9.goVH6HiJNQ6owrEyGmf7rGqTbqvWLK6ud1_cAdcQeQU', 'USER', b'1', 'deletedUser', b'0'),
	(53, b'1', 'Python', 'zer00eat@gmail.com', b'0', b'1', NULL, 1, b'0', 'Youngsik_Kim', NULL, '010-3301-8248', NULL, 'eyJhbGciOiJIUzI1NiJ9.eyJzdWIiOiI1MyIsInJvbGUiOiJURU1QIiwiaWF0IjoxNjc2NTM2NTI2LCJleHAiOjE3MzQ1OTczMjZ9.gi5AVkXc1fCSIbrLIEztfrI1ZpWkdXPR1NjQbVkXVlQ', 'USER', b'0', 'google111382465891575024045', b'1'),
	(54, b'1', NULL, 'dellojoon7@gmail.com', b'0', b'1', NULL, 1, b'0', '임성준', NULL, '010-2848-3460', NULL, 'eyJhbGciOiJIUzI1NiJ9.eyJzdWIiOiI1NCIsInJvbGUiOiJURU1QIiwiaWF0IjoxNjc2NTM2Njg1LCJleHAiOjE3MzQ1OTc0ODV9.ujDQ3x95Ro9-wnWOpwoVQ_4xpGVwtVG1Jk3xjSn8c0Q', 'USER', b'0', 'google113904432963075831534', b'1'),
	(55, b'1', '웅왕아아앙앙\n최고입니다\n\n\n사이트 너무 이쁘고 좋아요!!!!\n엔터키 <pre> 태그만 붙이면 출력 제대로 될거에요~!', 'jsk33a@naver.com', b'0', b'1', NULL, 0, b'1', '책세권', NULL, '010-6725-5590', NULL, 'eyJhbGciOiJIUzI1NiJ9.eyJzdWIiOiI1NSIsInJvbGUiOiJURU1QIiwiaWF0IjoxNjc2NTM2NzA0LCJleHAiOjE3MzQ1OTc1MDR9.u8JDO7ZgSgH-BB_nfgdRyNYrCO5vwQCI1Nkf41V8J8w', 'USER', b'1', 'kakao2668787878', b'0'),
	(56, b'1', NULL, 'tayoun011@naver.com', b'0', b'0', NULL, 0, b'1', 'AnTuni', NULL, '010-3001-8738', NULL, 'eyJhbGciOiJIUzI1NiJ9.eyJzdWIiOiI1NiIsInJvbGUiOiJURU1QIiwiaWF0IjoxNjc2NTM2NzA1LCJleHAiOjE3MzQ1OTc1MDV9.-SZTUcSlSMMwmaEZ7DD-WJ8uQEa44I1Dr4i7ppPHbJY', 'USER', b'0', 'kakao2668787904', b'0'),
	(57, b'1', NULL, 'zzambbang@kakao.com', b'0', b'0', NULL, 2, b'1', 'HyeJiLee', NULL, '01041893988', NULL, 'eyJhbGciOiJIUzI1NiJ9.eyJzdWIiOiI1NyIsInJvbGUiOiJURU1QIiwiaWF0IjoxNjc2NTM2NzE2LCJleHAiOjE3MzQ1OTc1MTZ9.X8ZuGR6iIfaW7p47KcEPbMS_mZsMTa6iD7XSA08446o', 'USER', b'0', 'kakao2668788142', b'0'),
	(58, b'0', NULL, 'lkjin1202@gmail.com', b'0', b'1', 'kakao2668794185/multipartFile2023-02-16T08:46:30.675,kakao2668794185/multipartFile2023-02-16T08:46:30.699,kakao2668794185/multipartFile2023-02-16T08:46:30.707,kakao2668794185/multipartFile2023-02-16T08:46:30.698,kakao2668794185/multipartFile2023-02-16T08:46:30.776,kakao2668794185/multipartFile2023-02-16T08:46:30.843,kakao2668794185/multipartFile2023-02-16T08:46:31.039', 1, b'0', '이경진', NULL, '01073273573', 'kakao2668794185/multipartFile2023-02-16T08:46:30.675', 'eyJhbGciOiJIUzI1NiJ9.eyJzdWIiOiI1OCIsInJvbGUiOiJVU0VSIiwiaWF0IjoxNjc2NTk1NTMwLCJleHAiOjE3MzQ2NTYzMzB9.q-HDBKAYUVb6t3BI2wmj549s5CsQ8A4OL4Gc64yvOSk', 'USER', b'0', 'kakao2668794185', b'1'),
	(59, b'1', NULL, 'tph5268@naver.com', b'0', b'1', 'kakao2668794583/multipartFile2023-02-16T08:48:59.516,kakao2668794583/multipartFile2023-02-16T08:48:59.531,kakao2668794583/multipartFile2023-02-16T08:48:59.528,kakao2668794583/multipartFile2023-02-16T08:48:59.527,kakao2668794583/multipartFile2023-02-16T08:48:59.535,kakao2668794583/multipartFile2023-02-16T08:48:59.666,kakao2668794583/multipartFile2023-02-16T08:48:59.945', 2, b'0', '최성빈', NULL, '01065113939', 'kakao2668794583/multipartFile2023-02-16T08:48:59.945', 'eyJhbGciOiJIUzI1NiJ9.eyJzdWIiOiI1OSIsInJvbGUiOiJURU1QIiwiaWF0IjoxNjc2NTM3MDAxLCJleHAiOjE3MzQ1OTc4MDF9.1CzGhvfOuKYNMcsX4uJurwgHU6ztK2B8BrQxxwnXW5s', 'USER', b'0', 'kakao2668794583', b'1'),
	(60, b'0', NULL, 'kimsngi13@naver.com', b'1', b'0', NULL, 0, b'1', '김승기', NULL, '01089873372', NULL, 'eyJhbGciOiJIUzI1NiJ9.eyJzdWIiOiI2MCIsInJvbGUiOiJURU1QIiwiaWF0IjoxNjc2NTM3MTI0LCJleHAiOjE3MzQ1OTc5MjR9.SfxpcYb_nZ9PEG3q46CXH7RcN-xeItVVieYQxCDCqsA', 'USER', b'0', 'kakao2668797660', b'0'),
	(61, b'1', NULL, 'tngml9799@gmail.com', b'0', b'0', 'google114491513178472990344/multipartFile2023-02-16T08:58:20.253,google114491513178472990344/multipartFile2023-02-16T08:58:20.272,google114491513178472990344/multipartFile2023-02-16T08:58:20.272,google114491513178472990344/multipartFile2023-02-16T08:58:20.257,google114491513178472990344/multipartFile2023-02-16T08:58:20.323,google114491513178472990344/multipartFile2023-02-16T08:58:20.493,google114491513178472990344/multipartFile2023-02-16T08:58:20.751', 0, b'0', 'suee y_', NULL, '01094090862', 'google114491513178472990344/multipartFile2023-02-16T08:58:20.751', 'eyJhbGciOiJIUzI1NiJ9.eyJzdWIiOiI2MSIsInJvbGUiOiJURU1QIiwiaWF0IjoxNjc2NTM3NzIyLCJleHAiOjE3MzQ1OTg1MjJ9.TgiOX5jhiEMxy3AAkFll0_3SgnRO5Fekv678tHyIb7U', 'USER', b'0', 'google114491513178472990344', b'1'),
	(62, b'1', '우와', 'hongym0497@gmail.com', b'0', b'1', 'google108039534409669165617/multipartFile2023-02-16T09:09:58.561,google108039534409669165617/multipartFile2023-02-16T09:09:58.546,google108039534409669165617/multipartFile2023-02-16T09:09:58.560,google108039534409669165617/multipartFile2023-02-16T09:09:58.602,google108039534409669165617/multipartFile2023-02-16T09:09:58.590,google108039534409669165617/multipartFile2023-02-16T09:09:58.590,google108039534409669165617/multipartFile2023-02-16T09:09:58.834,google108039534409669165617/multipartFile2023-02-16T09:09:59.031,google108039534409669165617/multipartFile2023-02-16T09:09:59.048,google108039534409669165617/multipartFile2023-02-16T09:09:59.044,google108039534409669165617/multipartFile2023-02-16T09:09:59.040,google108039534409669165617/multipartFile2023-02-16T09:09:59.104,google108039534409669165617/multipartFile2023-02-16T09:09:59.371,google108039534409669165617/multipartFile2023-02-16T09:09:59.384,google108039534409669165617/multipartFile2023-02-16T09:09:59.553', 0, b'0', '[서울_5반_홍영민]', NULL, '010-5517-0648', 'google108039534409669165617/multipartFile2023-02-16T09:09:59.553', 'eyJhbGciOiJIUzI1NiJ9.eyJzdWIiOiI2MiIsInJvbGUiOiJURU1QIiwiaWF0IjoxNjc2NTM3NzM0LCJleHAiOjE3MzQ1OTg1MzR9.YZ09qTmayJh_swFrGHgDgGs-RVndPRUMV5N5eGugh2I', 'USER', b'0', 'google108039534409669165617', b'1'),
	(63, b'0', NULL, 'alsth4@naver.com', b'0', b'1', 'kakao2668812047/multipartFile2023-02-16T09:01:06.580,kakao2668812047/multipartFile2023-02-16T09:01:06.649,kakao2668812047/multipartFile2023-02-16T09:01:06.657,kakao2668812047/multipartFile2023-02-16T09:01:06.670,kakao2668812047/multipartFile2023-02-16T09:01:06.664,kakao2668812047/multipartFile2023-02-16T09:01:06.669,kakao2668812047/multipartFile2023-02-16T09:01:06.833,kakao2668812047/multipartFile2023-02-16T09:01:07.170,kakao2668812047/multipartFile2023-02-16T09:12:44.334,kakao2668812047/multipartFile2023-02-16T09:12:44.338,kakao2668812047/multipartFile2023-02-16T09:12:44.356,kakao2668812047/multipartFile2023-02-16T09:12:44.391,kakao2668812047/multipartFile2023-02-16T09:12:44.383,kakao2668812047/multipartFile2023-02-16T09:12:44.487,kakao2668812047/multipartFile2023-02-16T09:12:44.665', 1, b'1', '김민소', NULL, '01038938970', 'kakao2668812047/multipartFile2023-02-16T09:12:44.665', 'eyJhbGciOiJIUzI1NiJ9.eyJzdWIiOiI2MyIsInJvbGUiOiJURU1QIiwiaWF0IjoxNjc2NTM3NzQyLCJleHAiOjE3MzQ1OTg1NDJ9.z-U4ee8cQWw97eAsN6-YeIgd4bs-Y1QamDpzZx3nEek', 'USER', b'0', 'kakao2668812047', b'0'),
	(64, b'1', NULL, 'choiwldus@naver.com', b'0', b'0', 'kakao2668812304/multipartFile2023-02-16T09:03:58.480,kakao2668812304/multipartFile2023-02-16T09:03:58.479,kakao2668812304/multipartFile2023-02-16T09:03:58.502,kakao2668812304/multipartFile2023-02-16T09:03:58.502,kakao2668812304/multipartFile2023-02-16T09:03:58.537,kakao2668812304/multipartFile2023-02-16T09:03:58.670,kakao2668812304/multipartFile2023-02-16T09:03:58.851', 1, b'1', '최지연', NULL, '010-5676-5409', 'kakao2668812304/multipartFile2023-02-16T09:03:58.851', 'eyJhbGciOiJIUzI1NiJ9.eyJzdWIiOiI2NCIsInJvbGUiOiJURU1QIiwiaWF0IjoxNjc2NTM3NzU1LCJleHAiOjE3MzQ1OTg1NTV9.-mvIuO1iCVFCl-ii0HPyA03rJHC2Dz1QkfOT4LeSd18', 'USER', b'0', 'kakao2668812304', b'0'),
	(65, b'0', NULL, 'limgilhun@naver.com', b'0', b'1', 'kakao2668813326/multipartFile2023-02-16T09:06:19.213,kakao2668813326/multipartFile2023-02-16T09:06:19.216,kakao2668813326/multipartFile2023-02-16T09:06:19.215,kakao2668813326/multipartFile2023-02-16T09:06:19.226,kakao2668813326/multipartFile2023-02-16T09:06:19.383,kakao2668813326/multipartFile2023-02-16T09:06:19.528', 0, b'0', '임길현', NULL, '01049305232', 'kakao2668813326/multipartFile2023-02-16T09:06:19.528', 'eyJhbGciOiJIUzI1NiJ9.eyJzdWIiOiI2NSIsInJvbGUiOiJURU1QIiwiaWF0IjoxNjc2NTM3ODE1LCJleHAiOjE3MzQ1OTg2MTV9.S_ythyJGVY4v-il__QWMK4pOimhiNa6SPLX_WF3-J-0', 'USER', b'0', 'kakao2668813326', b'1'),
	(66, b'1', NULL, 'test202110071402@gmail.com', b'0', b'0', 'google110751443392720385423/multipartFile2023-02-16T09:21:16.924,google110751443392720385423/multipartFile2023-02-16T09:21:16.910,google110751443392720385423/multipartFile2023-02-16T09:21:16.929,google110751443392720385423/multipartFile2023-02-16T09:21:16.961,google110751443392720385423/multipartFile2023-02-16T09:21:16.959,google110751443392720385423/multipartFile2023-02-16T09:21:16.955,google110751443392720385423/multipartFile2023-02-16T09:21:17.119,google110751443392720385423/multipartFile2023-02-16T09:21:17.307', 0, b'0', 'Heesu Shin', NULL, '010-2228-5463', 'google110751443392720385423/multipartFile2023-02-16T09:21:17.307', 'eyJhbGciOiJIUzI1NiJ9.eyJzdWIiOiI2NiIsInJvbGUiOiJURU1QIiwiaWF0IjoxNjc2NTM5MDg1LCJleHAiOjE3MzQ1OTk4ODV9.3PKCxWyVSspvAGpqBMA5759FMU7UOn3L9CBY_Z5eHHM', 'USER', b'1', 'google110751443392720385423', b'1'),
	(67, b'1', NULL, 'kdw3238@naver.com', b'0', b'1', 'kakao2668843257/multipartFile2023-02-16T09:23:12.278,kakao2668843257/multipartFile2023-02-16T09:23:12.275,kakao2668843257/multipartFile2023-02-16T09:23:12.284,kakao2668843257/multipartFile2023-02-16T09:23:12.408,kakao2668843257/multipartFile2023-02-16T09:23:12.514,kakao2668843257/multipartFile2023-02-16T09:23:12.464,kakao2668843257/multipartFile2023-02-16T09:23:12.684,kakao2668843257/multipartFile2023-02-16T09:23:12.857,kakao2668843257/multipartFile2023-02-16T09:23:12.884,kakao2668843257/multipartFile2023-02-16T09:23:13.004,kakao2668843257/multipartFile2023-02-16T09:23:13.030,kakao2668843257/multipartFile2023-02-16T09:23:13.013,kakao2668843257/multipartFile2023-02-16T09:23:13.049,kakao2668843257/multipartFile2023-02-16T09:23:13.214,kakao2668843257/multipartFile2023-02-16T09:23:13.576', 0, b'0', '김도원', NULL, '01063053238', 'kakao2668843257/multipartFile2023-02-16T09:23:13.576', 'eyJhbGciOiJIUzI1NiJ9.eyJzdWIiOiI2NyIsInJvbGUiOiJURU1QIiwiaWF0IjoxNjc2NTM5MTAwLCJleHAiOjE3MzQ1OTk5MDB9.4p8a14u8Tv_drZMqpb50j-l2evb8d3p-OsT2IyTgX0o', 'USER', b'1', 'kakao2668843257', b'1'),
	(68, b'0', NULL, 'junwillows@gmail.com', b'0', b'0', NULL, 0, b'0', 'W J', NULL, '01040165859', NULL, 'eyJhbGciOiJIUzI1NiJ9.eyJzdWIiOiI2OCIsInJvbGUiOiJURU1QIiwiaWF0IjoxNjc2NTQxMTkzLCJleHAiOjE3MzQ2MDE5OTN9.YZmalt7_ZieYau0y-0KLO2wxp21PjO9MZYlGrL9-l-g', 'USER', b'1', 'deletedUser', b'1'),
	(69, b'1', NULL, 'jimmyun@naver.com', b'0', b'1', NULL, 0, b'1', '윤준하', NULL, '01077772222', NULL, 'eyJhbGciOiJIUzI1NiJ9.eyJzdWIiOiI2OSIsInJvbGUiOiJURU1QIiwiaWF0IjoxNjc2NTQxNDY0LCJleHAiOjE3MzQ2MDIyNjR9.tUh9Ya3gCFljjn9lXtLxNmR05WH2cRTz6FLWqFANC2E', 'USER', b'0', 'deletedUser', b'0'),
	(70, b'0', NULL, 'jimmyun@naver.com', b'0', b'1', 'kakao2652013788/multipartFile2023-02-17T00:42:24.811,kakao2652013788/multipartFile2023-02-17T00:42:24.811,kakao2652013788/multipartFile2023-02-17T00:42:26.288,kakao2652013788/multipartFile2023-02-17T00:42:27.173,kakao2652013788/multipartFile2023-02-17T00:42:42.050,kakao2652013788/multipartFile2023-02-17T00:42:42.032,kakao2652013788/multipartFile2023-02-17T00:42:42.076,kakao2652013788/multipartFile2023-02-17T00:42:42.071,kakao2652013788/multipartFile2023-02-17T00:42:42.367,kakao2652013788/multipartFile2023-02-17T00:42:42.435,kakao2652013788/multipartFile2023-02-17T00:42:42.660', 1, b'1', '윤준하', NULL, '0107777777', 'kakao2652013788/multipartFile2023-02-17T00:42:42.660', 'eyJhbGciOiJIUzI1NiJ9.eyJzdWIiOiI3MCIsInJvbGUiOiJVU0VSIiwiaWF0IjoxNjc2NTk0Njc1LCJleHAiOjE3MzQ2NTU0NzV9.ScGQD7fVcE3_jSbLjQCpx8LhT9maen-PYg8NcsGzy_4', 'USER', b'0', 'kakao2652013788', b'0'),
	(71, b'0', NULL, 'choanury@cyworld.com', b'0', b'1', NULL, 0, b'0', '류정훈', NULL, '01071242201', NULL, 'eyJhbGciOiJIUzI1NiJ9.eyJzdWIiOiI3MSIsInJvbGUiOiJURU1QIiwiaWF0IjoxNjc2NTQ4MjQ5LCJleHAiOjE3MzQ2MDkwNDl9.boh74-DuJS_yUhU-sVnXTVqyxq5whLD_ZdOPPmhxN80', 'USER', b'0', 'deletedUser', b'1'),
	(72, b'0', NULL, 'choanury@naver.com', b'0', b'1', 'kakao2649307479/multipartFile2023-02-17T00:25:19.130,kakao2649307479/multipartFile2023-02-17T00:25:19.130,kakao2649307479/multipartFile2023-02-17T00:25:19.197,kakao2649307479/multipartFile2023-02-17T00:25:19.276,kakao2649307479/multipartFile2023-02-17T00:25:19.470', 0, b'0', '유정훈', NULL, '01071242201', 'kakao2649307479/multipartFile2023-02-17T00:25:19.276', 'eyJhbGciOiJIUzI1NiJ9.eyJzdWIiOiI3MiIsInJvbGUiOiJURU1QIiwiaWF0IjoxNjc2NTkwODg1LCJleHAiOjE3MzQ2NTE2ODV9.Zn-dA_L9zFBPZKQgP-eaz9mVm-YWTESfvwFGKf32bp8', 'USER', b'1', 'kakao2649307479', b'1'),
	(73, b'1', NULL, 'behind@ssafy.com', b'0', b'1', NULL, 0, b'1', '류싸피', NULL, '01012341234', NULL, 'eyJhbGciOiJIUzI1NiJ9.eyJzdWIiOiI3MyIsInJvbGUiOiJURU1QIiwiaWF0IjoxNjc2NTUzMzA0LCJleHAiOjE3MzQ2MTQxMDR9.DAIY4gMEbXS6oiyweT7ydHizdPvpKQPectwnXAqFHcE', 'USER', b'0', 'deletedUser', b'0'),
	(74, b'1', NULL, 'behind@ssafy.com', b'0', b'1', NULL, 0, b'1', '류싸피', NULL, '010-1234-5678', NULL, 'eyJhbGciOiJIUzI1NiJ9.eyJzdWIiOiI3NCIsInJvbGUiOiJVU0VSIiwiaWF0IjoxNjc2NTg0MTExLCJleHAiOjE3MzQ2NDQ5MTF9.qC0sellmQTIKdv5JV3A8rAOjQein-HfDUCNph1oICeU', 'USER', b'0', 'deletedUser', b'0'),
	(75, b'1', NULL, 'dlshb@naver.com', b'0', b'0', NULL, 0, b'0', '이상훈', NULL, '01079990035', NULL, 'eyJhbGciOiJIUzI1NiJ9.eyJzdWIiOiI3NSIsInJvbGUiOiJURU1QIiwiaWF0IjoxNjc2NTYyNzQxLCJleHAiOjE3MzQ2MjM1NDF9.KnJVGJ2bSXIynQ7w-nZ6vvmWph-rFO2mFYOLY7aIfZA', 'USER', b'1', 'deletedUser', b'1'),
	(76, b'1', NULL, 'dlshb@naver.com', b'0', b'0', NULL, 0, b'0', '이상훈', NULL, '01079990035', NULL, 'eyJhbGciOiJIUzI1NiJ9.eyJzdWIiOiI3NiIsInJvbGUiOiJURU1QIiwiaWF0IjoxNjc2NTYyNzg3LCJleHAiOjE3MzQ2MjM1ODd9.sUiVAQ8CNmkFQm8cYM6nKXKWm6FCzgMgCWMlEX3T91Y', 'USER', b'0', 'deletedUser', b'1'),
	(77, b'1', NULL, 'dlshb@naver.com', b'0', b'0', NULL, 0, b'0', '이상훈', NULL, '01079990035', NULL, 'eyJhbGciOiJIUzI1NiJ9.eyJzdWIiOiI3NyIsInJvbGUiOiJURU1QIiwiaWF0IjoxNjc2NTYyODk2LCJleHAiOjE3MzQ2MjM2OTZ9.RzpZLQaBDmdgLmw3EkI344NotV7p7q-ZLKWRFJY218E', 'USER', b'0', 'deletedUser', b'1'),
	(78, b'1', NULL, 'dlshb@naver.com', b'0', b'0', NULL, 0, b'0', '이상훈', NULL, '01079990035', NULL, 'eyJhbGciOiJIUzI1NiJ9.eyJzdWIiOiI3OCIsInJvbGUiOiJURU1QIiwiaWF0IjoxNjc2NTYyOTMyLCJleHAiOjE3MzQ2MjM3MzJ9.gAk09zNhiGAx5eKYiMHoF2-bLkhiME4TUSe57G86waQ', 'USER', b'0', 'deletedUser', b'1'),
	(79, b'1', '안녕하세요. BackEnd 개발자를 꿈꾸는 이상훈입니다. 제가 다뤄본 기술스택으로는 Spring Security(Jwt, oauth2), Spring Data Jpa(하이버네이트), AWS(EC2, RDS, S3, CloudFront), Docker, Jenkins, Nginx 등이 있습니다. 인프라 구축이 필요하신 분은 연락주세요! ', 'dlshb@naver.com', b'0', b'0', NULL, 0, b'0', '이상훈', NULL, '010-7999-0035', NULL, 'eyJhbGciOiJIUzI1NiJ9.eyJzdWIiOiI3OSIsInJvbGUiOiJVU0VSIiwiaWF0IjoxNjc2NTk2MTk4LCJleHAiOjE3MzQ2NTY5OTh9.DyD01AJnkHoy6LT4tDHGf2xiVEqvKmCqarAO-lgJQcw', 'USER', b'0', 'kakao2646608048', b'1'),
	(80, b'0', NULL, 'akqjqdmltn@gmail.com', b'0', b'0', NULL, 0, b'0', '이상훈[서울_4반_A404]팀장', NULL, NULL, NULL, 'eyJhbGciOiJIUzI1NiJ9.eyJzdWIiOiI4MCIsInJvbGUiOiJURU1QIiwiaWF0IjoxNjc2NTk2MTc2LCJleHAiOjE3MzQ2NTY5NzZ9.ItZiSoodiPd9Ei_HSPVMjoWuoW_nmssaghQKLz95OpU', 'TEMP', b'0', 'google112504513963832244477', b'0'),
	(81, b'0', NULL, 'sjjj.lim@gmail.com', b'0', b'0', NULL, 0, b'0', '임소정', NULL, NULL, NULL, 'eyJhbGciOiJIUzI1NiJ9.eyJzdWIiOiI4MSIsInJvbGUiOiJURU1QIiwiaWF0IjoxNjc2NTkwOTI1LCJleHAiOjE3MzQ2NTE3MjV9.XYHAvSx7-yBY2mlT2kYB0xrFs3aRGE2KUv9LdXphsFk', 'TEMP', b'0', 'google100453219513349629521', b'0'),
	(82, b'1', NULL, 'acd1026@naver.com', b'0', b'0', NULL, 0, b'0', '이윤주', NULL, '01023199330', NULL, 'eyJhbGciOiJIUzI1NiJ9.eyJzdWIiOiI4MiIsInJvbGUiOiJURU1QIiwiaWF0IjoxNjc2NTkxMjIxLCJleHAiOjE3MzQ2NTIwMjF9.pDPxDL-JPOSCU5zODFF2WkAbrU-CCAzwbZiK66UqJPM', 'USER', b'1', 'kakao2669518983', b'1'),
	(83, b'0', NULL, '98pej11@gmail.com', b'0', b'1', NULL, 0, b'1', '은정', NULL, '01056037539', NULL, 'eyJhbGciOiJIUzI1NiJ9.eyJzdWIiOiI4MyIsInJvbGUiOiJURU1QIiwiaWF0IjoxNjc2NTkxMjI3LCJleHAiOjE3MzQ2NTIwMjd9.XO-ARf-e0zuMOItjsCt23HMtihwXy2JYm1VqADHEWqE', 'USER', b'1', 'kakao2669519047', b'0'),
	(84, b'1', NULL, 'rigizer@gmail.com', b'0', b'0', NULL, 0, b'1', '한재용', NULL, '0000000000', NULL, 'eyJhbGciOiJIUzI1NiJ9.eyJzdWIiOiI4NCIsInJvbGUiOiJURU1QIiwiaWF0IjoxNjc2NTk0MDI3LCJleHAiOjE3MzQ2NTQ4Mjd9.065veJ_MtKlCKv0LBQUw16jZ9qxp8D4muY30Sse8oY4', 'USER', b'1', 'deletedUser', b'0'),
	(85, b'0', NULL, 'rigizer@gmail.com', b'0', b'0', NULL, 0, b'0', '한재용 (사과돌이)', NULL, NULL, NULL, 'eyJhbGciOiJIUzI1NiJ9.eyJzdWIiOiI4NSIsInJvbGUiOiJURU1QIiwiaWF0IjoxNjc2NTk0MDgzLCJleHAiOjE3MzQ2NTQ4ODN9.G1nwKG9-snVlFonRZm9UgHiTTCjS3s_63C-etVNzlwc', 'TEMP', b'0', 'google106418939163633396731', b'0'),
	(86, b'1', NULL, 'ssafycoach@gmail.com', b'0', b'0', 'kakao2669563598/multipartFile2023-02-17T00:38:39.808,kakao2669563598/multipartFile2023-02-17T00:38:39.915,kakao2669563598/multipartFile2023-02-17T00:38:40.037,kakao2669563598/multipartFile2023-02-17T00:38:40.051,kakao2669563598/multipartFile2023-02-17T00:38:40.260', 0, b'1', '세코', NULL, '01039761209', 'kakao2669563598/multipartFile2023-02-17T00:38:40.260', 'eyJhbGciOiJIUzI1NiJ9.eyJzdWIiOiI4NiIsInJvbGUiOiJURU1QIiwiaWF0IjoxNjc2NTk0MTA2LCJleHAiOjE3MzQ2NTQ5MDZ9.snzo4MuZt7mFVVH-WcnuzOIOlyrkw4KrUPbg0j1K4rA', 'USER', b'0', 'kakao2669563598', b'0'),
	(87, b'1', NULL, 'sooynne_', b'0', b'0', 'kakao2669575669/multipartFile2023-02-17T00:50:13.401,kakao2669575669/multipartFile2023-02-17T00:50:13.406,kakao2669575669/multipartFile2023-02-17T00:50:13.800,kakao2669575669/multipartFile2023-02-17T00:50:13.818,kakao2669575669/multipartFile2023-02-17T00:50:13.819,kakao2669575669/multipartFile2023-02-17T00:50:13.926,kakao2669575669/multipartFile2023-02-17T00:50:14.545', 0, b'1', '수연', NULL, '01000000000', 'kakao2669575669/multipartFile2023-02-17T00:50:13.401', 'eyJhbGciOiJIUzI1NiJ9.eyJzdWIiOiI4NyIsInJvbGUiOiJURU1QIiwiaWF0IjoxNjc2NTk0Nzc0LCJleHAiOjE3MzQ2NTU1NzR9.ogzHl1Lvsf1Uth6oZ1Z5xVXqkteIAi83xZhzoHjPxIY', 'USER', b'1', 'kakao2669575669', b'0'),
	(88, b'1', NULL, 'seulgi9834@naver.com', b'1', b'0', 'kakao2669578567/multipartFile2023-02-17T00:55:33.305,kakao2669578567/multipartFile2023-02-17T00:55:33.284,kakao2669578567/multipartFile2023-02-17T00:55:33.319,kakao2669578567/multipartFile2023-02-17T00:55:33.545,kakao2669578567/multipartFile2023-02-17T00:55:33.546,kakao2669578567/multipartFile2023-02-17T00:55:33.742,kakao2669578567/multipartFile2023-02-17T00:55:34.982', 0, b'1', '신슬기', NULL, '8', 'kakao2669578567/multipartFile2023-02-17T00:55:34.982', 'eyJhbGciOiJIUzI1NiJ9.eyJzdWIiOiI4OCIsInJvbGUiOiJURU1QIiwiaWF0IjoxNjc2NTk1MTEwLCJleHAiOjE3MzQ2NTU5MTB9.P1sc69ltIxXi67OcsGH9J6jVGz5hjHnTVvjw5ZZzNd4', 'USER', b'0', 'kakao2669578567', b'0'),
	(89, b'1', NULL, 'platinadark@gmail.com', b'0', b'0', 'google105663583178579495113/multipartFile2023-02-17T00:58:29.527,google105663583178579495113/multipartFile2023-02-17T00:58:29.561,google105663583178579495113/multipartFile2023-02-17T00:58:29.616,google105663583178579495113/multipartFile2023-02-17T00:58:29.602,google105663583178579495113/multipartFile2023-02-17T00:58:29.588,google105663583178579495113/multipartFile2023-02-17T00:58:30.010,google105663583178579495113/multipartFile2023-02-17T00:58:30.243', 0, b'1', '황승주', NULL, '01000000000', 'google105663583178579495113/multipartFile2023-02-17T00:58:30.243', 'eyJhbGciOiJIUzI1NiJ9.eyJzdWIiOiI4OSIsInJvbGUiOiJURU1QIiwiaWF0IjoxNjc2NTk1MjA0LCJleHAiOjE3MzQ2NTYwMDR9.k_GoK1DwkJhQ0EnkYAaZogIr-j4fuDNsM1coAbaq7tQ', 'USER', b'1', 'google105663583178579495113', b'0'),
	(90, b'0', NULL, 'gonoghanan@naver.com', b'1', b'0', NULL, 0, b'1', '공한울', NULL, '01047519277', NULL, 'eyJhbGciOiJIUzI1NiJ9.eyJzdWIiOiI5MCIsInJvbGUiOiJURU1QIiwiaWF0IjoxNjc2NTk1NTY3LCJleHAiOjE3MzQ2NTYzNjd9.Na-3HDeVqbFIH0riJ4_0YYl6K9SnHkpT5vxzd38jOkU', 'USER', b'1', 'kakao2669590441', b'0'),
	(91, b'1', NULL, 'june6362@naver.com', b'0', b'1', 'kakao2669596172/multipartFile2023-02-17T01:07:40.790,kakao2669596172/multipartFile2023-02-17T01:07:40.844,kakao2669596172/multipartFile2023-02-17T01:07:41.296,kakao2669596172/multipartFile2023-02-17T01:07:41.402,kakao2669596172/multipartFile2023-02-17T01:07:41.516,kakao2669596172/multipartFile2023-02-17T01:07:41.817', 0, b'0', '서영준', NULL, '01055896362', 'kakao2669596172/multipartFile2023-02-17T01:07:41.817', 'eyJhbGciOiJIUzI1NiJ9.eyJzdWIiOiI5MSIsInJvbGUiOiJURU1QIiwiaWF0IjoxNjc2NTk1ODU5LCJleHAiOjE3MzQ2NTY2NTl9.6nL47pzFodv1Cbomlhtd4yxYYyUN06d991dz02RQAGw', 'USER', b'1', 'kakao2669596172', b'1'),
	(92, b'0', NULL, 'pjw2369@naver.com', b'0', b'1', 'kakao2669604998/multipartFile2023-02-17T01:17:43.089,kakao2669604998/multipartFile2023-02-17T01:17:43.140,kakao2669604998/multipartFile2023-02-17T01:17:43.141,kakao2669604998/multipartFile2023-02-17T01:17:43.120,kakao2669604998/multipartFile2023-02-17T01:17:43.120,kakao2669604998/multipartFile2023-02-17T01:17:43.323,kakao2669604998/multipartFile2023-02-17T01:17:43.140,kakao2669604998/multipartFile2023-02-17T01:17:43.912', 1, b'0', '박중원', NULL, '01041084070', 'kakao2669604998/multipartFile2023-02-17T01:17:43.323', 'eyJhbGciOiJIUzI1NiJ9.eyJzdWIiOiI5MiIsInJvbGUiOiJVU0VSIiwiaWF0IjoxNjc2NTk2OTk5LCJleHAiOjE3MzQ2NTc3OTl9.YW_Tydmfo0Dok4CPXIUEw2uVokb3qknUwXFdD8QTElY', 'USER', b'0', 'kakao2669604998', b'1'),
	(93, b'0', NULL, 'wjddnjs0528@naver.com', b'0', b'1', 'kakao2669605251/multipartFile2023-02-17T01:20:47.819,kakao2669605251/multipartFile2023-02-17T01:20:47.859,kakao2669605251/multipartFile2023-02-17T01:20:48.015,kakao2669605251/multipartFile2023-02-17T01:20:48.035,kakao2669605251/multipartFile2023-02-17T01:20:48.035,kakao2669605251/multipartFile2023-02-17T01:20:48.233,kakao2669605251/multipartFile2023-02-17T01:20:48.516', 1, b'0', '김정원', NULL, '01067665124', 'kakao2669605251/multipartFile2023-02-17T01:20:48.516', 'eyJhbGciOiJIUzI1NiJ9.eyJzdWIiOiI5MyIsInJvbGUiOiJURU1QIiwiaWF0IjoxNjc2NTk2Mjc3LCJleHAiOjE3MzQ2NTcwNzd9.XQHG4GPgXKQu8rB-4_6wrC3_qdKkRoawvZI7W5wT9Vc', 'USER', b'0', 'kakao2669605251', b'1'),
	(94, b'1', NULL, 'qww1552@naver.com', b'0', b'0', 'kakao2669616996/multipartFile2023-02-17T01:24:53.571,kakao2669616996/multipartFile2023-02-17T01:24:53.571,kakao2669616996/multipartFile2023-02-17T01:24:53.591,kakao2669616996/multipartFile2023-02-17T01:24:53.590,kakao2669616996/multipartFile2023-02-17T01:24:53.600,kakao2669616996/multipartFile2023-02-17T01:24:53.604,kakao2669616996/multipartFile2023-02-17T01:24:53.833,kakao2669616996/multipartFile2023-02-17T01:24:54.056', 0, b'1', '오민성', NULL, '01080983398', 'kakao2669616996/multipartFile2023-02-17T01:24:54.056', 'eyJhbGciOiJIUzI1NiJ9.eyJzdWIiOiI5NCIsInJvbGUiOiJURU1QIiwiaWF0IjoxNjc2NTk2ODI5LCJleHAiOjE3MzQ2NTc2Mjl9.bS-kLCMnC4b0R4kARLOrPQjn4Db2pWlDdYxJwBE2sA4', 'USER', b'1', 'kakao2669616996', b'0'),
	(95, b'1', NULL, '0917sy@gmail.com', b'0', b'0', 'kakao2669617098/multipartFile2023-02-17T01:29:45.227,kakao2669617098/multipartFile2023-02-17T01:29:45.249,kakao2669617098/multipartFile2023-02-17T01:29:45.210,kakao2669617098/multipartFile2023-02-17T01:29:45.295,kakao2669617098/multipartFile2023-02-17T01:29:45.253,kakao2669617098/multipartFile2023-02-17T01:29:45.504,kakao2669617098/multipartFile2023-02-17T01:29:45.249,kakao2669617098/multipartFile2023-02-17T01:29:46.100', 0, b'1', '구세영', NULL, '01090873498', 'kakao2669617098/multipartFile2023-02-17T01:29:46.100', 'eyJhbGciOiJIUzI1NiJ9.eyJzdWIiOiI5NSIsInJvbGUiOiJURU1QIiwiaWF0IjoxNjc2NTk2ODMzLCJleHAiOjE3MzQ2NTc2MzN9.Qs1pdmdVNxK8uFdCYkK_jzwQ8XbKhTsiX1oWA5Q3c8s', 'USER', b'1', 'kakao2669617098', b'0'),
	(96, b'1', NULL, 'hwanguebest@hanmail.net', b'0', b'0', 'kakao2669617212/multipartFile2023-02-17T01:26:35.837,kakao2669617212/multipartFile2023-02-17T01:26:35.812,kakao2669617212/multipartFile2023-02-17T01:26:35.873,kakao2669617212/multipartFile2023-02-17T01:26:35.874,kakao2669617212/multipartFile2023-02-17T01:26:36.079,kakao2669617212/multipartFile2023-02-17T01:26:36.133,kakao2669617212/multipartFile2023-02-17T01:26:36.108,kakao2669617212/multipartFile2023-02-17T01:26:36.338', 0, b'1', '유환규', NULL, '01020333789', 'kakao2669617212/multipartFile2023-02-17T01:26:36.338', 'eyJhbGciOiJIUzI1NiJ9.eyJzdWIiOiI5NiIsInJvbGUiOiJURU1QIiwiaWF0IjoxNjc2NTk2ODM4LCJleHAiOjE3MzQ2NTc2Mzh9.0CoJ0Aqi3FtsOtu3mkf9PUWJqu7o8_R3exEGOJw7pfk', 'USER', b'0', 'kakao2669617212', b'0'),
	(97, b'1', NULL, 'cloudclick0217@gmail.com', b'0', b'1', NULL, 0, b'0', 'San Hwang', NULL, '0', NULL, 'eyJhbGciOiJIUzI1NiJ9.eyJzdWIiOiI5NyIsInJvbGUiOiJURU1QIiwiaWF0IjoxNjc2NTk3MDc1LCJleHAiOjE3MzQ2NTc4NzV9.Eu3CXZuVuuYxp371m5FIzBtaJDYdJtUkmsEywsClJ8M', 'USER', b'1', 'kakao2669622358', b'1'),
	(98, b'1', NULL, 'audwnswmf@hanmail.net', b'0', b'0', NULL, 0, b'0', '김명준', NULL, NULL, NULL, 'eyJhbGciOiJIUzI1NiJ9.eyJzdWIiOiI5OCIsInJvbGUiOiJURU1QIiwiaWF0IjoxNjc2NTk3Mzc5LCJleHAiOjE3MzQ2NTgxNzl9.vXZdJLBcxvA5plehTP41meo5GOIE-MvuR2xiB_yDjXQ', 'USER', b'0', 'kakao2669628667', b'1'),
	(99, b'1', NULL, 'ljaewon97@gmail.com', b'0', b'0', NULL, 0, b'0', '이재원', NULL, '01099065910', NULL, 'eyJhbGciOiJIUzI1NiJ9.eyJzdWIiOiI5OSIsInJvbGUiOiJURU1QIiwiaWF0IjoxNjc2NTk3MzkyLCJleHAiOjE3MzQ2NTgxOTJ9.SX6tLD2JFVL7rFTRqR7_edUV4BYCdAA_eTfV63HuKDQ', 'USER', b'0', 'kakao2669628917', b'1');
/*!40000 ALTER TABLE `user` ENABLE KEYS */;

-- 테이블 behind.user_followed_users 구조 내보내기
CREATE TABLE IF NOT EXISTS `user_followed_users` (
  `user_id` int(11) NOT NULL,
  `followed_users` int(11) DEFAULT NULL,
  KEY `FKec3rwbn6tjx2n835y162i7v0o` (`user_id`),
  CONSTRAINT `FKec3rwbn6tjx2n835y162i7v0o` FOREIGN KEY (`user_id`) REFERENCES `user` (`id`)
) ENGINE=InnoDB DEFAULT CHARSET=utf8mb4 COLLATE=utf8mb4_general_ci;

-- 테이블 데이터 behind.user_followed_users:~130 rows (대략적) 내보내기
/*!40000 ALTER TABLE `user_followed_users` DISABLE KEYS */;
INSERT INTO `user_followed_users` (`user_id`, `followed_users`) VALUES
	(3, 4),
	(3, 2),
	(7, 8),
	(6, 8),
	(4, 2),
	(4, 8),
	(2, 4),
	(2, 8),
	(12, 14),
	(12, 10),
	(11, 10),
	(11, 14),
	(11, 12),
	(16, 10),
	(16, 19),
	(35, 22),
	(26, 22),
	(26, 25),
	(26, 33),
	(25, 22),
	(25, 23),
	(25, 33),
	(24, 22),
	(24, 25),
	(24, 33),
	(23, 22),
	(23, 25),
	(23, 33),
	(28, 34),
	(28, 30),
	(28, 22),
	(28, 33),
	(28, 31),
	(29, 34),
	(29, 30),
	(29, 33),
	(29, 31),
	(13, 10),
	(13, 14),
	(13, 17),
	(13, 19),
	(13, 22),
	(13, 33),
	(30, 34),
	(30, 31),
	(30, 28),
	(22, 23),
	(22, 25),
	(22, 35),
	(22, 33),
	(22, 28),
	(31, 30),
	(31, 34),
	(31, 33),
	(31, 28),
	(21, 15),
	(21, 20),
	(21, 23),
	(21, 33),
	(21, 10),
	(15, 10),
	(15, 19),
	(46, 55),
	(58, 10),
	(54, 10),
	(51, 10),
	(49, 55),
	(49, 10),
	(48, 10),
	(45, 10),
	(44, 10),
	(43, 10),
	(40, 10),
	(38, 10),
	(63, 32),
	(57, 55),
	(57, 14),
	(64, 14),
	(39, 10),
	(39, 14),
	(70, 20),
	(59, 10),
	(59, 20),
	(47, 10),
	(47, 20),
	(37, 10),
	(37, 20),
	(36, 10),
	(34, 30),
	(34, 33),
	(34, 31),
	(34, 28),
	(53, 10),
	(17, 10),
	(17, 19),
	(17, 33),
	(17, 14),
	(17, 20),
	(18, 10),
	(18, 19),
	(18, 20),
	(18, 33),
	(18, 14),
	(27, 22),
	(27, 23),
	(27, 25),
	(27, 33),
	(50, 10),
	(41, 10),
	(20, 17),
	(20, 19),
	(20, 23),
	(20, 33),
	(20, 10),
	(19, 17),
	(19, 20),
	(19, 33),
	(19, 10),
	(10, 15),
	(10, 17),
	(10, 33),
	(10, 14),
	(10, 20),
	(14, 10),
	(14, 19),
	(14, 33),
	(92, 40),
	(42, 10),
	(42, 41),
	(93, 92);
/*!40000 ALTER TABLE `user_followed_users` ENABLE KEYS */;

-- 테이블 behind.user_following_users 구조 내보내기
CREATE TABLE IF NOT EXISTS `user_following_users` (
  `user_id` int(11) NOT NULL,
  `following_users` int(11) DEFAULT NULL,
  KEY `FKs1myr82nl768qw54t5nso6hvj` (`user_id`),
  CONSTRAINT `FKs1myr82nl768qw54t5nso6hvj` FOREIGN KEY (`user_id`) REFERENCES `user` (`id`)
) ENGINE=InnoDB DEFAULT CHARSET=utf8mb4 COLLATE=utf8mb4_general_ci;

-- 테이블 데이터 behind.user_following_users:~133 rows (대략적) 내보내기
/*!40000 ALTER TABLE `user_following_users` DISABLE KEYS */;
INSERT INTO `user_following_users` (`user_id`, `following_users`) VALUES
	(3, 4),
	(4, 2),
	(2, 4),
	(8, 7),
	(8, 6),
	(8, 4),
	(8, 2),
	(12, 10),
	(12, 14),
	(15, 10),
	(15, 21),
	(23, 25),
	(23, 22),
	(23, 21),
	(23, 20),
	(23, 27),
	(25, 27),
	(25, 26),
	(25, 24),
	(25, 23),
	(25, 22),
	(35, 22),
	(34, 31),
	(34, 30),
	(34, 29),
	(34, 28),
	(30, 34),
	(30, 31),
	(30, 29),
	(30, 28),
	(31, 28),
	(31, 29),
	(31, 30),
	(31, 34),
	(28, 34),
	(28, 30),
	(28, 22),
	(28, 31),
	(17, 10),
	(17, 20),
	(17, 19),
	(22, 27),
	(22, 24),
	(22, 26),
	(22, 23),
	(22, 25),
	(22, 35),
	(22, 28),
	(38, 14),
	(38, 17),
	(38, 18),
	(38, 10),
	(55, 57),
	(55, 49),
	(55, 46),
	(32, 63),
	(69, 39),
	(18, 27),
	(18, 50),
	(18, 41),
	(18, 14),
	(18, 33),
	(18, 20),
	(18, 19),
	(18, 10),
	(18, 61),
	(39, 36),
	(39, 34),
	(39, 53),
	(39, 67),
	(39, 66),
	(39, 10),
	(74, 14),
	(10, 15),
	(10, 14),
	(10, 17),
	(10, 16),
	(10, 21),
	(10, 20),
	(10, 19),
	(10, 59),
	(10, 58),
	(10, 54),
	(10, 53),
	(10, 51),
	(10, 50),
	(10, 49),
	(10, 48),
	(10, 47),
	(10, 45),
	(10, 44),
	(10, 43),
	(10, 42),
	(10, 41),
	(10, 40),
	(10, 37),
	(10, 36),
	(19, 20),
	(19, 17),
	(19, 16),
	(19, 15),
	(19, 14),
	(20, 21),
	(20, 19),
	(20, 70),
	(20, 59),
	(20, 47),
	(20, 37),
	(20, 17),
	(20, 10),
	(33, 34),
	(33, 31),
	(33, 29),
	(33, 28),
	(33, 27),
	(33, 26),
	(33, 25),
	(33, 24),
	(33, 23),
	(33, 22),
	(33, 21),
	(33, 20),
	(33, 19),
	(33, 17),
	(33, 14),
	(33, 10),
	(14, 57),
	(14, 64),
	(14, 17),
	(14, 10),
	(40, 92),
	(41, 42),
	(92, 93);
/*!40000 ALTER TABLE `user_following_users` ENABLE KEYS */;

-- 테이블 behind.user_tag 구조 내보내기
CREATE TABLE IF NOT EXISTS `user_tag` (
  `user_id` int(11) NOT NULL,
  `tag` varchar(255) DEFAULT NULL,
  KEY `FKhqbypqh9kyjp3jcslfg67c6n5` (`user_id`),
  CONSTRAINT `FKhqbypqh9kyjp3jcslfg67c6n5` FOREIGN KEY (`user_id`) REFERENCES `user` (`id`)
) ENGINE=InnoDB DEFAULT CHARSET=utf8mb4 COLLATE=utf8mb4_general_ci;

-- 테이블 데이터 behind.user_tag:~164 rows (대략적) 내보내기
/*!40000 ALTER TABLE `user_tag` DISABLE KEYS */;
INSERT INTO `user_tag` (`user_id`, `tag`) VALUES
	(4, '#Spring'),
	(3, '#fgfg'),
	(2, '#Frontend'),
	(2, '#React'),
	(2, '#JavaScript'),
	(5, '#asdfasf'),
	(7, '#이유영'),
	(8, '#Python'),
	(8, '#Django'),
	(8, '#vue'),
	(8, '#Spring'),
	(11, '#Embedded'),
	(11, '#C++'),
	(11, '#Python'),
	(12, '#Aws'),
	(12, '#Docker'),
	(12, '#Spring Boot'),
	(15, '#subni'),
	(15, '#ssafy8th'),
	(15, '#A505'),
	(17, '#Embedded'),
	(17, '#C/C++'),
	(17, '#Linux'),
	(10, '#Python'),
	(10, '#vue'),
	(10, '#Django'),
	(10, '#Spring'),
	(18, '#Spring'),
	(18, '#Aws'),
	(18, '#Docker'),
	(19, '#React'),
	(19, '#JS'),
	(19, '#Front'),
	(19, '#Python'),
	(20, '#자율주행'),
	(20, '#zzundi'),
	(20, '#긍마'),
	(21, '#나는야이정범'),
	(21, '#하하'),
	(26, '#Frontend '),
	(26, '#인싸피🤪'),
	(23, '#android'),
	(27, '#Backend'),
	(27, '#Infra'),
	(24, '#Frontend'),
	(24, '#Backend'),
	(24, '#INFJ'),
	(25, '#FE'),
	(25, '#BE'),
	(25, '#swift 예정!'),
	(28, '#Front'),
	(31, '#BackEnd'),
	(31, '#SSAFY'),
	(34, '#Backend'),
	(34, '#Springboot'),
	(32, '#INTP '),
	(32, '#Backend'),
	(22, '#BE'),
	(22, '#FE'),
	(22, '#귿다'),
	(22, '#INFP'),
	(36, '#컨설턴트'),
	(36, '#Professional'),
	(30, '#FrontEnd'),
	(30, '#Python'),
	(30, '#React'),
	(33, '#서울4반'),
	(33, '#실습코치'),
	(33, '#React'),
	(13, '#Front'),
	(13, '#React'),
	(13, '#JS'),
	(13, '#Python'),
	(40, '#BackEnd'),
	(40, '#SpringBoot'),
	(41, '#FrontEnd'),
	(41, '#React'),
	(42, '#CICD'),
	(42, '#Backend'),
	(44, '#Spring'),
	(45, '#BackEnd'),
	(51, '#윤경'),
	(50, '#♡용아사랑해♡'),
	(54, '#멋진 개발자'),
	(53, '#Python'),
	(56, '#Developer'),
	(56, '#Problem Solver'),
	(57, '#Backend'),
	(57, '#modsiw'),
	(55, '#아로로롤로'),
	(55, '#헿'),
	(55, '#우히히히'),
	(58, '#FrontEnd'),
	(58, '#React'),
	(59, '##코딩에 진심인 남자'),
	(60, '#Embedded'),
	(61, '#이쁜 수희'),
	(61, '#디카페인'),
	(62, '#Decaffein'),
	(64, '#싸피8기'),
	(64, '#귀요미'),
	(65, '#Decaffein'),
	(65, '#FrontEnd'),
	(63, '#싸피8기'),
	(63, '#디카페인'),
	(63, '#서울'),
	(67, '#BackEnd'),
	(66, '##SpringBoot '),
	(69, '#난배고프다'),
	(39, '#front'),
	(39, '#react'),
	(39, '#JS'),
	(39, '#python'),
	(71, '#Reboot'),
	(71, '#Front'),
	(71, '#React'),
	(71, '#JS'),
	(38, '#Backend'),
	(38, '#Java'),
	(38, '#Python'),
	(73, '#BE'),
	(73, '#FE'),
	(73, '#Embedded'),
	(35, '#MINDDER'),
	(74, '#BE'),
	(74, '#FE'),
	(74, '#Embedded'),
	(75, '#..'),
	(76, '#2'),
	(77, '#222'),
	(78, '#bb'),
	(82, '#컴공쥬들'),
	(82, '#공주공쥬'),
	(82, '#공쥬들'),
	(70, '#Frontend'),
	(70, '#React'),
	(79, '#Spring'),
	(79, '#Docker'),
	(79, '#AWS'),
	(14, '#Backend'),
	(14, '#Spring Boot'),
	(87, '#실습코치'),
	(88, '#coach'),
	(89, '#Developer'),
	(72, '#Front'),
	(72, '#React'),
	(72, '#JS'),
	(72, '#Python'),
	(90, '#공통PJT'),
	(90, '#A103'),
	(90, '#IoT'),
	(91, '#Python'),
	(91, '#C/C++'),
	(91, '#Youtube'),
	(92, '#FrontEnd'),
	(92, '#React'),
	(92, '#UX/UI'),
	(93, '#Frontend'),
	(93, '#leo'),
	(93, '#rookie'),
	(94, '#Backend'),
	(97, '#Python'),
	(97, '#React'),
	(97, '#JS'),
	(98, '#백엔드'),
	(99, '#싸탈');
/*!40000 ALTER TABLE `user_tag` ENABLE KEYS */;

/*!40101 SET SQL_MODE=IFNULL(@OLD_SQL_MODE, '') */;
/*!40014 SET FOREIGN_KEY_CHECKS=IFNULL(@OLD_FOREIGN_KEY_CHECKS, 1) */;
/*!40101 SET CHARACTER_SET_CLIENT=@OLD_CHARACTER_SET_CLIENT */;
/*!40111 SET SQL_NOTES=IFNULL(@OLD_SQL_NOTES, 1) */;
